area,Date,C_025,C_05,C_25,C_50,C_75,C_95,C_975,provenance
"North East and Yorkshire",2020-12-21, 2497.8, 2497.8, 2497.8, 2497.8, 2497.8, 2497.8, 2497.8,inferred
"North East and Yorkshire",2020-12-22, 2408.9, 2408.9, 2408.9, 2408.9, 2408.9, 2408.9, 2408.9,inferred
"North East and Yorkshire",2020-12-23, 2470.2, 2470.5, 2470.9, 2471.2, 2471.6, 2472.1, 2472.2,inferred
"North East and Yorkshire",2020-12-24, 2659.8, 2662.6, 2667.2, 2670.1, 2673.7, 2679.1, 2680.0,inferred
"North East and Yorkshire",2020-12-25, 2916.1, 2918.0, 2929.8, 2937.9, 2945.3, 2956.2, 2957.0,inferred
"North East and Yorkshire",2020-12-26, 3199.3, 3202.7, 3217.8, 3232.9, 3244.2, 3262.4, 3267.7,inferred
"North East and Yorkshire",2020-12-27, 3493.5, 3498.4, 3521.2, 3543.5, 3558.6, 3581.6, 3585.0,inferred
"North East and Yorkshire",2020-12-28, 3796.3, 3802.3, 3836.9, 3865.6, 3886.8, 3912.7, 3920.8,inferred
"North East and Yorkshire",2020-12-29, 4117.6, 4128.4, 4173.6, 4208.6, 4237.6, 4269.8, 4278.1,inferred
"North East and Yorkshire",2020-12-30, 4445.2, 4463.3, 4513.8, 4560.8, 4595.4, 4631.7, 4637.5,inferred
"North East and Yorkshire",2020-12-31, 4615.8, 4633.4, 4688.0, 4738.5, 4773.6, 4805.5, 4815.6,inferred
"North East and Yorkshire",2021-01-01, 4634.1, 4642.4, 4694.6, 4736.3, 4769.4, 4798.9, 4803.8,inferred
"North East and Yorkshire",2021-01-02, 4602.3, 4611.9, 4655.8, 4686.5, 4715.8, 4745.6, 4758.4,inferred
"North East and Yorkshire",2021-01-03, 4566.6, 4578.7, 4616.3, 4646.7, 4670.2, 4710.6, 4721.8,inferred
"North East and Yorkshire",2021-01-04, 4536.9, 4547.2, 4588.9, 4619.8, 4645.3, 4693.5, 4707.7,inferred
"North East and Yorkshire",2021-01-05, 4510.6, 4520.7, 4572.0, 4605.8, 4636.6, 4681.3, 4697.9,inferred
"North East and Yorkshire",2021-01-06, 4492.4, 4498.5, 4560.4, 4596.3, 4631.9, 4678.5, 4693.5,inferred
"North East and Yorkshire",2021-01-07, 4414.2, 4427.6, 4483.5, 4522.8, 4556.6, 4602.1, 4612.8,inferred
"North East and Yorkshire",2021-01-08, 4289.0, 4302.1, 4347.9, 4387.5, 4413.2, 4459.4, 4466.5,inferred
"North East and Yorkshire",2021-01-09, 4143.5, 4155.5, 4196.8, 4228.7, 4254.9, 4296.0, 4306.2,inferred
"North East and Yorkshire",2021-01-10, 4003.4, 4011.3, 4052.4, 4079.5, 4107.4, 4141.0, 4158.7,inferred
"North East and Yorkshire",2021-01-11, 3869.3, 3877.0, 3916.4, 3940.1, 3970.1, 4004.6, 4016.8,inferred
"North East and Yorkshire",2021-01-12, 3738.6, 3747.7, 3785.9, 3819.1, 3843.5, 3879.7, 3888.1,inferred
"North East and Yorkshire",2021-01-13, 3610.0, 3627.2, 3668.6, 3702.8, 3733.3, 3768.3, 3775.9,inferred
"North East and Yorkshire",2021-01-14, 3528.8, 3543.7, 3582.5, 3618.5, 3648.9, 3682.2, 3689.2,inferred
"North East and Yorkshire",2021-01-15, 3483.1, 3493.8, 3531.6, 3563.5, 3586.8, 3617.2, 3630.2,inferred
"North East and Yorkshire",2021-01-16, 3438.6, 3451.3, 3485.4, 3511.9, 3538.4, 3565.5, 3574.0,inferred
"North East and Yorkshire",2021-01-17, 3396.3, 3404.6, 3437.7, 3462.3, 3485.4, 3516.0, 3521.3,inferred
"North East and Yorkshire",2021-01-18, 3356.2, 3361.9, 3397.1, 3419.9, 3439.5, 3476.3, 3480.6,inferred
"North East and Yorkshire",2021-01-19, 3304.5, 3314.5, 3355.5, 3376.2, 3398.2, 3438.1, 3444.8,inferred
"North East and Yorkshire",2021-01-20, 3248.7, 3259.5, 3303.5, 3327.4, 3352.1, 3395.6, 3410.7,inferred
"North East and Yorkshire",2021-01-21, 3176.1, 3189.9, 3235.2, 3255.8, 3282.3, 3324.3, 3343.2,inferred
"North East and Yorkshire",2021-01-22, 3095.4, 3106.3, 3143.0, 3163.1, 3187.0, 3227.3, 3232.7,inferred
"North East and Yorkshire",2021-01-23, 3005.8, 3010.6, 3044.4, 3065.0, 3087.4, 3119.0, 3134.0,inferred
"North East and Yorkshire",2021-01-24, 2918.1, 2923.7, 2950.8, 2971.6, 2994.7, 3021.6, 3038.2,inferred
"North East and Yorkshire",2021-01-25, 2834.6, 2840.8, 2871.9, 2889.6, 2914.9, 2942.6, 2951.8,inferred
"North East and Yorkshire",2021-01-26, 2744.3, 2762.7, 2794.0, 2816.3, 2839.9, 2873.5, 2880.9,inferred
"North East and Yorkshire",2021-01-27, 2660.9, 2682.8, 2721.0, 2745.9, 2772.3, 2808.0, 2816.5,inferred
"North East and Yorkshire",2021-01-28, 2597.6, 2615.0, 2653.8, 2680.7, 2706.5, 2741.9, 2749.2,inferred
"North East and Yorkshire",2021-01-29, 2547.1, 2559.4, 2595.5, 2618.3, 2638.9, 2668.4, 2676.6,inferred
"North East and Yorkshire",2021-01-30, 2490.5, 2507.4, 2535.3, 2557.3, 2575.6, 2597.0, 2604.7,inferred
"North East and Yorkshire",2021-01-31, 2443.2, 2448.6, 2472.8, 2498.1, 2512.7, 2534.1, 2538.2,inferred
"North East and Yorkshire",2021-02-01, 2377.6, 2388.4, 2413.6, 2437.5, 2453.4, 2475.9, 2483.5,inferred
"North East and Yorkshire",2021-02-02, 2322.8, 2331.5, 2357.8, 2382.1, 2397.1, 2423.5, 2432.0,inferred
"North East and Yorkshire",2021-02-03, 2256.3, 2277.3, 2304.8, 2328.7, 2349.2, 2379.2, 2385.6,inferred
"North East and Yorkshire",2021-02-04, 2207.8, 2228.8, 2256.5, 2279.7, 2298.6, 2327.8, 2334.6,inferred
"North East and Yorkshire",2021-02-05, 2165.3, 2183.5, 2208.3, 2229.1, 2247.2, 2272.5, 2279.9,inferred
"North East and Yorkshire",2021-02-06, 2127.5, 2135.9, 2165.1, 2180.2, 2197.1, 2219.2, 2225.4,inferred
"North East and Yorkshire",2021-02-07, 2080.1, 2088.8, 2114.7, 2131.0, 2148.3, 2168.2, 2172.7,inferred
"North East and Yorkshire",2021-02-08, 2029.6, 2039.4, 2068.3, 2087.7, 2103.4, 2125.7, 2132.9,inferred
"North East and Yorkshire",2021-02-09, 1985.4, 1993.9, 2022.8, 2045.0, 2060.9, 2089.0, 2096.3,inferred
"North East and Yorkshire",2021-02-10, 1946.3, 1954.3, 1983.4, 2005.3, 2023.6, 2056.7, 2059.5,inferred
"North East and Yorkshire",2021-02-11, 1918.6, 1927.1, 1952.6, 1977.5, 1990.4, 2025.7, 2031.6,inferred
"North East and Yorkshire",2021-02-12, 1902.7, 1910.2, 1930.6, 1952.5, 1967.2, 1996.4, 2003.2,inferred
"North East and Yorkshire",2021-02-13, 1884.5, 1892.4, 1912.2, 1929.5, 1944.2, 1967.0, 1975.1,inferred
"North East and Yorkshire",2021-02-14, 1869.1, 1873.5, 1894.4, 1907.5, 1923.4, 1944.0, 1950.9,inferred
"North East and Yorkshire",2021-02-15, 1845.1, 1852.5, 1872.6, 1888.2, 1903.0, 1926.3, 1942.1,inferred
"North East and Yorkshire",2021-02-16, 1818.6, 1828.7, 1850.4, 1865.8, 1882.4, 1914.9, 1923.1,inferred
"North East and Yorkshire",2021-02-17, 1792.8, 1799.1, 1828.1, 1844.2, 1860.2, 1897.0, 1903.8,inferred
"North East and Yorkshire",2021-02-18, 1751.1, 1756.5, 1783.8, 1801.4, 1816.4, 1850.8, 1857.3,inferred
"North East and Yorkshire",2021-02-19, 1694.7, 1700.6, 1722.3, 1739.3, 1751.9, 1777.8, 1785.8,inferred
"North East and Yorkshire",2021-02-20, 1625.6, 1635.9, 1655.0, 1670.6, 1683.2, 1703.2, 1710.3,inferred
"North East and Yorkshire",2021-02-21, 1560.2, 1565.5, 1590.1, 1604.4, 1618.7, 1636.0, 1648.8,inferred
"North East and Yorkshire",2021-02-22, 1494.2, 1500.5, 1530.4, 1545.5, 1557.4, 1579.9, 1590.3,inferred
"North East and Yorkshire",2021-02-23, 1433.2, 1440.8, 1471.5, 1488.7, 1501.7, 1529.2, 1535.1,inferred
"North East and Yorkshire",2021-02-24, 1377.6, 1385.9, 1419.2, 1435.7, 1451.7, 1478.1, 1487.8,inferred
"North East and Yorkshire",2021-02-25, 1335.1, 1338.6, 1374.5, 1387.9, 1402.7, 1431.4, 1435.2,inferred
"North East and Yorkshire",2021-02-26, 1299.6, 1305.3, 1331.6, 1344.2, 1361.7, 1382.9, 1388.3,inferred
"North East and Yorkshire",2021-02-27, 1265.5, 1269.7, 1288.9, 1305.7, 1317.9, 1337.9, 1343.7,inferred
"North East and Yorkshire",2021-02-28, 1228.6, 1231.9, 1251.5, 1266.3, 1278.5, 1300.7, 1303.9,inferred
"North East and Yorkshire",2021-03-01, 1190.0, 1196.0, 1214.1, 1228.2, 1243.6, 1264.8, 1267.8,inferred
"North East and Yorkshire",2021-03-02, 1156.6, 1158.5, 1178.9, 1193.8, 1209.6, 1232.7, 1237.2,inferred
"North East and Yorkshire",2021-03-03, 1123.8, 1126.8, 1145.8, 1163.5, 1179.9, 1203.8, 1211.6,inferred
"North East and Yorkshire",2021-03-04, 1109.8, 1114.7, 1130.8, 1149.8, 1163.9, 1186.2, 1197.3,inferred
"North East and Yorkshire",2021-03-05, 1114.3, 1119.0, 1133.1, 1151.1, 1163.8, 1187.8, 1197.0,inferred
"North East and Yorkshire",2021-03-06, 1120.3, 1126.8, 1142.4, 1156.5, 1167.4, 1194.4, 1200.4,inferred
"North East and Yorkshire",2021-03-07, 1126.0, 1129.2, 1148.4, 1160.6, 1173.0, 1196.0, 1203.1,inferred
"North East and Yorkshire",2021-03-08, 1129.0, 1135.2, 1151.6, 1165.1, 1178.4, 1201.0, 1208.2,inferred
"North East and Yorkshire",2021-03-09, 1134.3, 1140.3, 1155.8, 1170.6, 1183.7, 1206.3, 1218.4,inferred
"North East and Yorkshire",2021-03-10, 1132.0, 1141.0, 1158.8, 1173.4, 1190.9, 1213.4, 1224.7,inferred
"North East and Yorkshire",2021-03-11, 1132.8, 1145.6, 1162.4, 1177.8, 1194.4, 1218.6, 1226.6,inferred
"North East and Yorkshire",2021-03-12, 1141.1, 1152.0, 1167.7, 1181.3, 1196.1, 1220.0, 1225.1,inferred
"North East and Yorkshire",2021-03-13, 1147.2, 1154.1, 1167.7, 1182.7, 1198.4, 1217.6, 1222.2,inferred
"North East and Yorkshire",2021-03-14, 1149.5, 1157.1, 1170.8, 1184.0, 1199.5, 1217.9, 1221.6,inferred
"North East and Yorkshire",2021-03-15, 1149.3, 1158.3, 1175.9, 1186.0, 1201.0, 1221.6, 1224.6,inferred
"North East and Yorkshire",2021-03-16, 1149.8, 1156.9, 1179.5, 1191.2, 1203.8, 1227.3, 1233.4,inferred
"North East and Yorkshire",2021-03-17, 1151.9, 1158.3, 1183.0, 1193.8, 1210.3, 1234.2, 1241.5,inferred
"North East and Yorkshire",2021-03-18, 1146.5, 1154.1, 1178.2, 1190.1, 1206.5, 1225.4, 1235.1,inferred
"North East and Yorkshire",2021-03-19, 1135.8, 1145.1, 1165.9, 1176.7, 1190.8, 1210.8, 1214.0,inferred
"North East and Yorkshire",2021-03-20, 1123.1, 1126.9, 1150.3, 1159.9, 1170.7, 1191.2, 1193.9,inferred
"North East and Yorkshire",2021-03-21, 1108.6, 1111.9, 1133.8, 1144.2, 1152.2, 1172.8, 1177.7,inferred
"North East and Yorkshire",2021-03-22, 1092.6, 1098.7, 1116.3, 1127.9, 1137.2, 1157.2, 1161.1,inferred
"North East and Yorkshire",2021-03-23, 1075.5, 1081.7, 1099.6, 1114.7, 1127.0, 1145.5, 1148.1,inferred
"North East and Yorkshire",2021-03-24, 1055.0, 1062.9, 1083.3, 1099.3, 1113.6, 1134.3, 1138.2,inferred
"North East and Yorkshire",2021-03-25, 1024.8, 1032.6, 1053.1, 1069.3, 1082.9, 1101.2, 1108.1,inferred
"North East and Yorkshire",2021-03-26,  983.2,  989.6, 1007.5, 1022.3, 1036.0, 1052.5, 1055.0,inferred
"North East and Yorkshire",2021-03-27,  938.8,  943.6,  958.4,  974.0,  985.3,  999.2, 1005.4,inferred
"North East and Yorkshire",2021-03-28,  893.7,  899.6,  913.2,  925.3,  938.9,  953.6,  958.4,inferred
"North East and Yorkshire",2021-03-29,  849.6,  854.5,  868.4,  880.3,  895.0,  913.3,  917.1,inferred
"North East and Yorkshire",2021-03-30,  807.8,  811.7,  827.3,  839.6,  855.8,  870.5,  879.2,inferred
"North East and Yorkshire",2021-03-31,  770.3,  773.0,  788.7,  804.8,  818.5,  834.4,  841.7,inferred
"North East and Yorkshire",2021-04-01,  734.8,  738.2,  757.0,  772.4,  785.3,  803.2,  809.9,inferred
"North East and Yorkshire",2021-04-02,  700.3,  703.7,  728.4,  742.5,  755.9,  779.0,  782.1,inferred
"North East and Yorkshire",2021-04-03,  665.0,  672.0,  697.4,  713.9,  731.1,  756.8,  759.4,inferred
"North East and Yorkshire",2021-04-04,  632.2,  637.4,  667.8,  687.3,  706.3,  736.1,  742.1,inferred
"North West",2020-12-21, 2132.6, 2132.6, 2132.6, 2132.6, 2132.6, 2132.6, 2132.6,inferred
"North West",2020-12-22, 2069.2, 2069.2, 2069.2, 2069.2, 2069.2, 2069.2, 2069.2,inferred
"North West",2020-12-23, 2132.5, 2132.7, 2133.1, 2133.6, 2133.9, 2134.4, 2134.5,inferred
"North West",2020-12-24, 2334.8, 2336.7, 2341.6, 2345.9, 2349.3, 2354.0, 2355.5,inferred
"North West",2020-12-25, 2624.5, 2628.1, 2640.1, 2647.2, 2656.0, 2667.5, 2672.1,inferred
"North West",2020-12-26, 2957.6, 2962.6, 2980.5, 2992.4, 3005.1, 3026.1, 3032.1,inferred
"North West",2020-12-27, 3319.5, 3328.6, 3350.1, 3368.2, 3384.1, 3409.2, 3419.0,inferred
"North West",2020-12-28, 3716.3, 3720.7, 3752.7, 3776.9, 3797.1, 3830.7, 3838.3,inferred
"North West",2020-12-29, 4153.5, 4159.6, 4202.3, 4232.1, 4259.6, 4299.9, 4315.5,inferred
"North West",2020-12-30, 4617.3, 4633.5, 4679.2, 4721.1, 4759.7, 4810.2, 4821.9,inferred
"North West",2020-12-31, 4952.8, 4969.2, 5010.8, 5057.1, 5102.7, 5150.4, 5158.2,inferred
"North West",2021-01-01, 5137.4, 5161.8, 5201.9, 5242.8, 5283.7, 5326.7, 5340.1,inferred
"North West",2021-01-02, 5303.9, 5319.9, 5368.0, 5402.8, 5434.5, 5474.2, 5489.3,inferred
"North West",2021-01-03, 5488.5, 5499.0, 5541.7, 5577.5, 5606.4, 5640.2, 5664.8,inferred
"North West",2021-01-04, 5673.8, 5681.5, 5735.1, 5772.5, 5805.9, 5842.2, 5865.3,inferred
"North West",2021-01-05, 5873.3, 5891.2, 5947.1, 5989.5, 6023.2, 6074.1, 6099.0,inferred
"North West",2021-01-06, 6072.6, 6086.4, 6157.8, 6196.9, 6242.9, 6292.4, 6334.1,inferred
"North West",2021-01-07, 6090.3, 6106.3, 6177.2, 6212.9, 6260.9, 6308.5, 6345.6,inferred
"North West",2021-01-08, 5945.1, 5954.4, 6009.0, 6038.7, 6083.5, 6127.3, 6160.2,inferred
"North West",2021-01-09, 5733.5, 5741.5, 5784.3, 5809.9, 5843.1, 5887.3, 5906.6,inferred
"North West",2021-01-10, 5516.1, 5520.5, 5566.1, 5589.2, 5623.6, 5669.0, 5678.5,inferred
"North West",2021-01-11, 5303.8, 5312.1, 5366.8, 5396.9, 5431.0, 5472.3, 5480.0,inferred
"North West",2021-01-12, 5123.2, 5137.2, 5186.6, 5222.8, 5257.8, 5306.5, 5314.5,inferred
"North West",2021-01-13, 4957.1, 4971.2, 5018.5, 5058.5, 5096.8, 5152.8, 5170.1,inferred
"North West",2021-01-14, 4796.4, 4799.8, 4848.6, 4883.2, 4920.8, 4974.2, 4987.4,inferred
"North West",2021-01-15, 4614.1, 4626.8, 4667.7, 4689.8, 4719.6, 4770.5, 4793.2,inferred
"North West",2021-01-16, 4434.0, 4445.4, 4479.7, 4501.1, 4527.3, 4565.6, 4583.6,inferred
"North West",2021-01-17, 4254.7, 4266.3, 4294.7, 4314.4, 4341.4, 4381.3, 4392.3,inferred
"North West",2021-01-18, 4079.3, 4092.8, 4124.1, 4146.6, 4175.4, 4217.1, 4223.8,inferred
"North West",2021-01-19, 3900.1, 3916.6, 3961.9, 3982.4, 4021.3, 4059.8, 4071.1,inferred
"North West",2021-01-20, 3726.0, 3755.4, 3803.6, 3828.8, 3869.6, 3913.9, 3921.7,inferred
"North West",2021-01-21, 3573.8, 3599.0, 3652.0, 3676.2, 3715.8, 3758.2, 3767.6,inferred
"North West",2021-01-22, 3437.0, 3457.9, 3500.3, 3523.0, 3560.0, 3599.5, 3605.9,inferred
"North West",2021-01-23, 3302.1, 3316.2, 3352.7, 3372.6, 3406.0, 3440.9, 3451.1,inferred
"North West",2021-01-24, 3168.3, 3179.3, 3210.6, 3236.3, 3256.7, 3295.4, 3303.7,inferred
"North West",2021-01-25, 3043.2, 3049.0, 3088.1, 3108.3, 3130.5, 3171.2, 3178.1,inferred
"North West",2021-01-26, 2918.4, 2931.8, 2963.2, 2989.2, 3011.7, 3054.5, 3062.8,inferred
"North West",2021-01-27, 2801.1, 2809.9, 2844.1, 2880.1, 2904.2, 2949.7, 2955.0,inferred
"North West",2021-01-28, 2703.4, 2712.8, 2750.2, 2779.7, 2803.4, 2836.6, 2855.9,inferred
"North West",2021-01-29, 2623.0, 2633.1, 2664.1, 2689.8, 2714.2, 2750.0, 2758.8,inferred
"North West",2021-01-30, 2547.4, 2555.6, 2584.8, 2604.8, 2625.0, 2662.2, 2667.1,inferred
"North West",2021-01-31, 2465.7, 2477.1, 2504.9, 2523.7, 2545.0, 2575.2, 2583.9,inferred
"North West",2021-02-01, 2389.2, 2398.1, 2426.5, 2447.9, 2466.3, 2495.8, 2502.6,inferred
"North West",2021-02-02, 2313.7, 2321.0, 2350.0, 2375.2, 2394.0, 2418.2, 2430.1,inferred
"North West",2021-02-03, 2240.4, 2246.5, 2276.1, 2299.9, 2322.8, 2348.3, 2356.4,inferred
"North West",2021-02-04, 2168.7, 2173.4, 2201.5, 2222.9, 2249.2, 2271.2, 2276.3,inferred
"North West",2021-02-05, 2090.7, 2100.0, 2122.6, 2141.2, 2167.0, 2184.6, 2186.5,inferred
"North West",2021-02-06, 2018.4, 2026.7, 2046.7, 2062.6, 2079.8, 2100.7, 2104.7,inferred
"North West",2021-02-07, 1947.0, 1950.7, 1967.8, 1986.0, 2004.0, 2024.1, 2029.3,inferred
"North West",2021-02-08, 1868.5, 1874.9, 1896.3, 1913.4, 1931.7, 1954.0, 1960.7,inferred
"North West",2021-02-09, 1794.5, 1799.9, 1828.9, 1846.8, 1863.2, 1887.4, 1896.1,inferred
"North West",2021-02-10, 1727.9, 1733.2, 1765.2, 1785.4, 1801.5, 1827.4, 1834.8,inferred
"North West",2021-02-11, 1682.9, 1688.8, 1719.3, 1737.5, 1754.2, 1777.6, 1784.4,inferred
"North West",2021-02-12, 1654.8, 1657.7, 1683.2, 1703.0, 1714.4, 1735.5, 1744.1,inferred
"North West",2021-02-13, 1628.8, 1631.8, 1653.2, 1668.5, 1680.3, 1701.3, 1708.5,inferred
"North West",2021-02-14, 1598.9, 1603.9, 1622.8, 1636.0, 1647.7, 1667.2, 1676.4,inferred
"North West",2021-02-15, 1567.7, 1571.6, 1589.3, 1603.0, 1617.5, 1637.1, 1646.8,inferred
"North West",2021-02-16, 1529.6, 1535.2, 1554.9, 1573.2, 1586.4, 1611.8, 1621.1,inferred
"North West",2021-02-17, 1490.7, 1498.5, 1522.4, 1540.4, 1556.5, 1588.0, 1592.0,inferred
"North West",2021-02-18, 1441.6, 1450.2, 1472.8, 1489.1, 1508.8, 1538.9, 1542.7,inferred
"North West",2021-02-19, 1382.5, 1388.3, 1408.1, 1423.5, 1439.0, 1466.9, 1473.9,inferred
"North West",2021-02-20, 1318.0, 1323.0, 1340.4, 1354.2, 1367.8, 1390.7, 1397.8,inferred
"North West",2021-02-21, 1248.7, 1257.6, 1274.9, 1286.1, 1299.2, 1319.8, 1324.7,inferred
"North West",2021-02-22, 1185.4, 1192.7, 1213.1, 1223.7, 1238.2, 1256.8, 1265.6,inferred
"North West",2021-02-23, 1127.1, 1130.6, 1152.3, 1165.0, 1181.4, 1203.8, 1209.5,inferred
"North West",2021-02-24, 1071.3, 1075.6, 1096.5, 1109.5, 1126.6, 1150.0, 1156.9,inferred
"North West",2021-02-25, 1020.0, 1026.5, 1042.7, 1058.5, 1071.5, 1093.5, 1098.7,inferred
"North West",2021-02-26,  972.2,  977.5,  991.6, 1006.3, 1016.7, 1035.7, 1044.3,inferred
"North West",2021-02-27,  926.4,  929.9,  944.8,  956.2,  964.8,  983.1,  989.7,inferred
"North West",2021-02-28,  881.8,  885.0,  898.6,  909.0,  918.2,  936.1,  942.7,inferred
"North West",2021-03-01,  836.5,  842.5,  855.0,  866.6,  874.7,  895.3,  900.3,inferred
"North West",2021-03-02,  795.2,  799.8,  812.5,  825.5,  835.8,  859.6,  864.0,inferred
"North West",2021-03-03,  756.9,  761.3,  778.3,  789.9,  802.1,  823.3,  831.4,inferred
"North West",2021-03-04,  740.8,  745.7,  759.0,  770.2,  782.8,  805.4,  809.7,inferred
"North West",2021-03-05,  742.9,  747.0,  757.3,  768.1,  778.1,  798.2,  799.5,inferred
"North West",2021-03-06,  746.5,  748.1,  758.4,  766.7,  778.3,  794.6,  797.3,inferred
"North West",2021-03-07,  742.4,  746.1,  757.2,  766.1,  775.9,  792.8,  795.7,inferred
"North West",2021-03-08,  738.3,  740.3,  755.7,  766.0,  775.2,  788.0,  793.1,inferred
"North West",2021-03-09,  733.8,  736.2,  752.4,  764.6,  772.9,  786.8,  791.5,inferred
"North West",2021-03-10,  727.6,  732.1,  747.4,  761.6,  769.6,  785.8,  790.2,inferred
"North West",2021-03-11,  722.2,  728.1,  743.5,  756.9,  765.1,  785.6,  787.6,inferred
"North West",2021-03-12,  721.3,  725.5,  738.1,  750.5,  758.9,  777.8,  779.7,inferred
"North West",2021-03-13,  718.6,  722.5,  733.1,  744.1,  751.2,  767.2,  770.7,inferred
"North West",2021-03-14,  711.1,  714.6,  727.6,  738.6,  744.7,  760.2,  762.3,inferred
"North West",2021-03-15,  702.5,  709.1,  722.9,  732.8,  741.2,  755.2,  758.6,inferred
"North West",2021-03-16,  700.2,  702.2,  718.2,  727.7,  737.9,  751.8,  755.9,inferred
"North West",2021-03-17,  694.4,  695.7,  712.1,  722.6,  733.8,  748.9,  753.6,inferred
"North West",2021-03-18,  683.5,  687.8,  704.8,  714.0,  726.8,  743.5,  745.4,inferred
"North West",2021-03-19,  674.5,  676.7,  693.1,  702.8,  714.6,  726.0,  731.1,inferred
"North West",2021-03-20,  663.6,  666.4,  682.1,  690.9,  701.2,  712.2,  714.6,inferred
"North West",2021-03-21,  653.0,  656.0,  669.3,  678.8,  686.0,  699.9,  701.6,inferred
"North West",2021-03-22,  640.9,  644.1,  657.7,  665.5,  674.8,  686.2,  691.1,inferred
"North West",2021-03-23,  626.7,  632.0,  643.6,  653.3,  664.0,  675.3,  682.9,inferred
"North West",2021-03-24,  614.8,  617.0,  629.9,  641.6,  652.5,  664.9,  671.9,inferred
"North West",2021-03-25,  594.4,  596.9,  608.5,  621.1,  631.0,  643.9,  646.5,inferred
"North West",2021-03-26,  566.5,  568.1,  579.6,  590.5,  599.2,  608.6,  612.3,inferred
"North West",2021-03-27,  537.7,  538.3,  548.8,  557.8,  565.2,  573.6,  578.1,inferred
"North West",2021-03-28,  505.8,  507.4,  518.5,  526.4,  532.9,  542.1,  547.0,inferred
"North West",2021-03-29,  475.7,  478.6,  489.7,  497.1,  504.1,  514.4,  516.0,inferred
"North West",2021-03-30,  448.8,  452.4,  462.1,  471.2,  477.8,  488.4,  492.0,inferred
"North West",2021-03-31,  425.0,  428.5,  437.7,  447.3,  454.7,  467.0,  469.8,inferred
"North West",2021-04-01,  401.3,  404.2,  415.0,  424.0,  432.0,  446.4,  450.3,inferred
"North West",2021-04-02,  378.2,  382.4,  393.5,  401.1,  410.5,  424.8,  431.3,inferred
"North West",2021-04-03,  357.5,  358.7,  371.6,  380.6,  390.6,  407.5,  411.8,inferred
"North West",2021-04-04,  333.2,  336.0,  350.0,  362.9,  372.1,  393.0,  399.8,inferred
"Midlands",2020-12-21, 3970.5, 3970.5, 3970.5, 3970.5, 3970.5, 3970.5, 3970.5,inferred
"Midlands",2020-12-22, 3823.0, 3823.0, 3823.0, 3823.0, 3823.0, 3823.0, 3823.0,inferred
"Midlands",2020-12-23, 3897.6, 3897.7, 3898.4, 3898.9, 3899.4, 3900.1, 3900.3,inferred
"Midlands",2020-12-24, 4201.6, 4202.6, 4210.2, 4215.2, 4219.9, 4228.5, 4229.8,inferred
"Midlands",2020-12-25, 4639.0, 4643.0, 4659.6, 4671.0, 4680.8, 4696.9, 4708.6,inferred
"Midlands",2020-12-26, 5128.9, 5139.4, 5163.0, 5183.3, 5198.3, 5228.0, 5242.9,inferred
"Midlands",2020-12-27, 5648.4, 5655.8, 5695.7, 5720.2, 5749.0, 5787.8, 5802.6,inferred
"Midlands",2020-12-28, 6187.4, 6195.3, 6247.9, 6283.1, 6320.0, 6373.3, 6393.5,inferred
"Midlands",2020-12-29, 6762.1, 6781.7, 6845.3, 6888.0, 6931.3, 7011.2, 7030.9,inferred
"Midlands",2020-12-30, 7350.3, 7375.1, 7456.9, 7505.7, 7564.6, 7662.7, 7680.8,inferred
"Midlands",2020-12-31, 7697.3, 7733.0, 7817.0, 7866.9, 7928.2, 8028.6, 8042.8,inferred
"Midlands",2021-01-01, 7831.9, 7843.2, 7924.5, 7969.2, 8025.9, 8109.2, 8130.1,inferred
"Midlands",2021-01-02, 7891.5, 7911.6, 7974.3, 8008.6, 8058.6, 8131.4, 8153.7,inferred
"Midlands",2021-01-03, 7948.7, 7966.5, 8026.1, 8058.9, 8110.7, 8164.2, 8207.4,inferred
"Midlands",2021-01-04, 8010.5, 8020.4, 8087.7, 8127.7, 8172.5, 8242.5, 8260.7,inferred
"Midlands",2021-01-05, 8074.6, 8093.0, 8166.7, 8213.0, 8270.1, 8345.2, 8361.2,inferred
"Midlands",2021-01-06, 8137.8, 8152.9, 8245.9, 8304.0, 8368.7, 8453.7, 8489.2,inferred
"Midlands",2021-01-07, 8141.1, 8151.1, 8240.9, 8301.1, 8365.9, 8455.6, 8492.6,inferred
"Midlands",2021-01-08, 8063.1, 8079.9, 8157.0, 8205.2, 8258.5, 8343.5, 8353.7,inferred
"Midlands",2021-01-09, 7962.8, 7977.5, 8036.7, 8076.1, 8123.9, 8199.4, 8218.6,inferred
"Midlands",2021-01-10, 7848.0, 7863.5, 7917.5, 7948.4, 7995.9, 8067.6, 8081.3,inferred
"Midlands",2021-01-11, 7730.8, 7754.9, 7801.0, 7844.1, 7886.3, 7951.3, 7969.3,inferred
"Midlands",2021-01-12, 7621.5, 7646.3, 7700.1, 7748.6, 7791.0, 7858.4, 7876.5,inferred
"Midlands",2021-01-13, 7525.4, 7537.0, 7601.1, 7654.7, 7705.0, 7777.7, 7800.9,inferred
"Midlands",2021-01-14, 7370.7, 7376.2, 7446.4, 7496.3, 7550.4, 7620.0, 7643.9,inferred
"Midlands",2021-01-15, 7154.0, 7179.4, 7241.0, 7286.3, 7329.2, 7395.8, 7412.2,inferred
"Midlands",2021-01-16, 6939.3, 6961.2, 7015.8, 7050.6, 7097.1, 7147.8, 7158.2,inferred
"Midlands",2021-01-17, 6719.0, 6735.3, 6783.6, 6825.5, 6869.9, 6914.8, 6920.0,inferred
"Midlands",2021-01-18, 6510.3, 6526.0, 6579.6, 6627.1, 6672.4, 6712.5, 6721.5,inferred
"Midlands",2021-01-19, 6307.5, 6328.8, 6387.1, 6428.3, 6479.3, 6522.1, 6537.9,inferred
"Midlands",2021-01-20, 6099.0, 6127.8, 6190.9, 6234.7, 6289.7, 6335.8, 6346.4,inferred
"Midlands",2021-01-21, 5864.5, 5898.7, 5969.2, 6009.8, 6058.7, 6107.4, 6117.0,inferred
"Midlands",2021-01-22, 5636.4, 5650.2, 5714.8, 5752.7, 5795.9, 5839.3, 5851.0,inferred
"Midlands",2021-01-23, 5389.6, 5405.7, 5456.3, 5497.5, 5526.5, 5569.1, 5575.6,inferred
"Midlands",2021-01-24, 5157.0, 5167.1, 5210.1, 5248.0, 5276.2, 5314.1, 5321.9,inferred
"Midlands",2021-01-25, 4933.1, 4940.2, 4993.9, 5025.6, 5056.9, 5097.3, 5105.4,inferred
"Midlands",2021-01-26, 4719.4, 4732.6, 4789.9, 4823.9, 4852.0, 4901.1, 4921.1,inferred
"Midlands",2021-01-27, 4530.8, 4535.4, 4599.1, 4634.8, 4664.6, 4718.5, 4746.5,inferred
"Midlands",2021-01-28, 4367.1, 4384.2, 4437.6, 4472.7, 4503.2, 4557.6, 4578.5,inferred
"Midlands",2021-01-29, 4232.7, 4247.0, 4297.8, 4324.7, 4354.3, 4399.3, 4423.5,inferred
"Midlands",2021-01-30, 4105.7, 4110.9, 4159.6, 4183.9, 4215.1, 4254.4, 4268.1,inferred
"Midlands",2021-01-31, 3971.7, 3984.0, 4023.4, 4045.1, 4069.3, 4112.4, 4120.4,inferred
"Midlands",2021-02-01, 3836.1, 3851.0, 3890.0, 3910.0, 3935.0, 3979.9, 3985.2,inferred
"Midlands",2021-02-02, 3701.4, 3725.1, 3756.3, 3782.7, 3809.7, 3850.1, 3858.7,inferred
"Midlands",2021-02-03, 3576.8, 3591.2, 3628.3, 3660.9, 3688.0, 3731.9, 3741.6,inferred
"Midlands",2021-02-04, 3457.1, 3467.0, 3507.6, 3538.3, 3561.8, 3604.8, 3614.3,inferred
"Midlands",2021-02-05, 3339.8, 3351.4, 3382.4, 3411.0, 3432.5, 3470.0, 3480.2,inferred
"Midlands",2021-02-06, 3223.7, 3229.2, 3265.0, 3283.7, 3309.9, 3334.6, 3346.7,inferred
"Midlands",2021-02-07, 3105.3, 3112.9, 3142.3, 3166.2, 3189.1, 3219.3, 3222.0,inferred
"Midlands",2021-02-08, 2992.3, 2999.9, 3029.2, 3055.4, 3076.7, 3110.4, 3115.4,inferred
"Midlands",2021-02-09, 2879.4, 2886.9, 2920.1, 2951.1, 2973.6, 3006.7, 3016.3,inferred
"Midlands",2021-02-10, 2772.8, 2785.3, 2826.0, 2855.1, 2880.4, 2911.8, 2920.4,inferred
"Midlands",2021-02-11, 2705.2, 2715.9, 2754.7, 2782.6, 2809.8, 2837.0, 2844.6,inferred
"Midlands",2021-02-12, 2668.6, 2672.8, 2705.2, 2728.1, 2754.1, 2781.1, 2785.2,inferred
"Midlands",2021-02-13, 2629.6, 2633.8, 2660.2, 2680.9, 2704.0, 2726.7, 2732.2,inferred
"Midlands",2021-02-14, 2587.6, 2591.0, 2614.4, 2635.2, 2654.0, 2678.8, 2685.1,inferred
"Midlands",2021-02-15, 2530.4, 2538.5, 2567.2, 2587.1, 2607.3, 2637.7, 2641.2,inferred
"Midlands",2021-02-16, 2480.2, 2484.7, 2516.8, 2537.6, 2563.0, 2593.2, 2598.7,inferred
"Midlands",2021-02-17, 2420.3, 2427.5, 2459.6, 2487.8, 2514.0, 2548.9, 2559.2,inferred
"Midlands",2021-02-18, 2341.7, 2349.8, 2378.5, 2407.9, 2433.4, 2469.0, 2480.2,inferred
"Midlands",2021-02-19, 2243.4, 2250.9, 2275.7, 2300.1, 2324.8, 2358.4, 2363.4,inferred
"Midlands",2021-02-20, 2135.2, 2140.4, 2166.5, 2188.2, 2206.0, 2239.2, 2242.6,inferred
"Midlands",2021-02-21, 2030.7, 2037.6, 2061.9, 2082.0, 2098.6, 2127.3, 2136.7,inferred
"Midlands",2021-02-22, 1929.2, 1938.4, 1961.0, 1981.6, 1998.2, 2029.2, 2038.0,inferred
"Midlands",2021-02-23, 1834.5, 1843.1, 1868.3, 1887.8, 1902.7, 1933.4, 1946.1,inferred
"Midlands",2021-02-24, 1744.4, 1750.7, 1776.8, 1797.4, 1812.8, 1847.2, 1859.2,inferred
"Midlands",2021-02-25, 1657.3, 1663.5, 1688.4, 1706.6, 1726.9, 1755.1, 1766.1,inferred
"Midlands",2021-02-26, 1573.8, 1581.9, 1602.1, 1618.5, 1637.2, 1659.9, 1666.3,inferred
"Midlands",2021-02-27, 1497.4, 1498.9, 1517.5, 1534.4, 1549.8, 1566.6, 1572.4,inferred
"Midlands",2021-02-28, 1420.0, 1421.7, 1437.9, 1454.0, 1469.3, 1487.5, 1491.1,inferred
"Midlands",2021-03-01, 1345.0, 1347.7, 1365.0, 1378.7, 1394.7, 1416.2, 1419.6,inferred
"Midlands",2021-03-02, 1273.5, 1276.9, 1295.3, 1311.9, 1325.5, 1347.8, 1350.7,inferred
"Midlands",2021-03-03, 1209.9, 1212.7, 1233.2, 1249.8, 1263.6, 1284.9, 1292.1,inferred
"Midlands",2021-03-04, 1169.9, 1173.6, 1193.5, 1209.2, 1223.2, 1243.0, 1250.3,inferred
"Midlands",2021-03-05, 1148.2, 1154.4, 1172.6, 1185.5, 1198.1, 1219.4, 1228.2,inferred
"Midlands",2021-03-06, 1129.2, 1137.8, 1156.9, 1168.1, 1179.9, 1199.2, 1212.4,inferred
"Midlands",2021-03-07, 1116.5, 1121.1, 1140.9, 1150.0, 1160.9, 1180.7, 1194.3,inferred
"Midlands",2021-03-08, 1098.8, 1105.7, 1123.7, 1131.9, 1142.1, 1167.0, 1175.2,inferred
"Midlands",2021-03-09, 1080.3, 1086.2, 1104.6, 1114.8, 1127.2, 1151.5, 1159.1,inferred
"Midlands",2021-03-10, 1064.3, 1066.1, 1086.9, 1098.5, 1112.7, 1137.2, 1146.8,inferred
"Midlands",2021-03-11, 1054.5, 1056.6, 1075.9, 1087.3, 1102.5, 1124.1, 1136.0,inferred
"Midlands",2021-03-12, 1050.4, 1056.0, 1073.5, 1085.9, 1098.4, 1117.1, 1127.3,inferred
"Midlands",2021-03-13, 1047.8, 1052.2, 1070.1, 1082.5, 1096.8, 1110.4, 1121.5,inferred
"Midlands",2021-03-14, 1042.5, 1050.9, 1065.7, 1080.2, 1095.1, 1105.7, 1118.2,inferred
"Midlands",2021-03-15, 1037.7, 1045.4, 1061.9, 1076.5, 1091.3, 1105.6, 1113.6,inferred
"Midlands",2021-03-16, 1030.8, 1036.7, 1057.5, 1072.8, 1088.0, 1106.6, 1110.5,inferred
"Midlands",2021-03-17, 1023.3, 1026.9, 1053.3, 1067.7, 1083.2, 1104.1, 1108.0,inferred
"Midlands",2021-03-18, 1011.5, 1019.6, 1042.4, 1056.5, 1074.9, 1092.6, 1097.9,inferred
"Midlands",2021-03-19, 1003.4, 1010.1, 1029.4, 1043.3, 1060.1, 1076.8, 1079.4,inferred
"Midlands",2021-03-20,  988.3,  997.8, 1015.2, 1030.5, 1042.2, 1056.8, 1059.8,inferred
"Midlands",2021-03-21,  977.3,  984.1, 1001.1, 1014.9, 1025.0, 1040.1, 1044.9,inferred
"Midlands",2021-03-22,  965.6,  968.9,  985.8,  998.4, 1011.5, 1025.9, 1031.1,inferred
"Midlands",2021-03-23,  949.3,  956.7,  969.9,  982.7,  997.0, 1013.0, 1019.5,inferred
"Midlands",2021-03-24,  934.0,  938.5,  953.7,  969.0,  983.3, 1001.0, 1006.1,inferred
"Midlands",2021-03-25,  908.5,  910.8,  926.5,  940.1,  952.3,  970.2,  976.0,inferred
"Midlands",2021-03-26,  870.4,  874.3,  887.9,  899.5,  909.8,  926.3,  932.1,inferred
"Midlands",2021-03-27,  828.6,  832.0,  845.5,  855.7,  866.7,  880.4,  888.1,inferred
"Midlands",2021-03-28,  786.3,  793.1,  805.0,  814.5,  823.5,  837.6,  845.3,inferred
"Midlands",2021-03-29,  744.9,  751.2,  764.8,  774.5,  784.1,  799.1,  805.8,inferred
"Midlands",2021-03-30,  710.4,  714.6,  729.1,  740.4,  749.9,  766.7,  770.5,inferred
"Midlands",2021-03-31,  677.0,  680.5,  694.6,  707.3,  718.6,  736.7,  739.0,inferred
"Midlands",2021-04-01,  643.1,  648.2,  662.9,  677.4,  689.9,  707.3,  710.0,inferred
"Midlands",2021-04-02,  611.0,  617.6,  632.3,  647.4,  662.7,  681.8,  683.7,inferred
"Midlands",2021-04-03,  578.0,  585.5,  603.6,  621.0,  637.4,  657.2,  657.8,inferred
"Midlands",2021-04-04,  547.6,  555.3,  576.3,  595.7,  613.3,  634.1,  635.8,inferred
"South West",2020-12-21, 1372.2, 1372.2, 1372.2, 1372.2, 1372.2, 1372.2, 1372.2,inferred
"South West",2020-12-22, 1342.4, 1342.4, 1342.4, 1342.4, 1342.4, 1342.4, 1342.4,inferred
"South West",2020-12-23, 1408.7, 1408.7, 1409.0, 1409.3, 1409.6, 1410.0, 1410.3,inferred
"South West",2020-12-24, 1540.5, 1541.7, 1544.7, 1548.0, 1550.5, 1555.1, 1557.2,inferred
"South West",2020-12-25, 1702.0, 1704.9, 1712.1, 1719.4, 1725.6, 1734.8, 1739.9,inferred
"South West",2020-12-26, 1880.4, 1885.0, 1896.6, 1907.3, 1917.3, 1930.0, 1935.2,inferred
"South West",2020-12-27, 2072.6, 2074.4, 2090.9, 2107.6, 2121.8, 2139.4, 2142.8,inferred
"South West",2020-12-28, 2271.9, 2276.8, 2297.8, 2318.3, 2337.0, 2358.0, 2362.1,inferred
"South West",2020-12-29, 2490.3, 2495.2, 2520.3, 2548.0, 2571.6, 2599.0, 2603.8,inferred
"South West",2020-12-30, 2714.1, 2718.6, 2752.4, 2780.7, 2812.9, 2848.8, 2859.0,inferred
"South West",2020-12-31, 2852.6, 2857.2, 2893.0, 2921.8, 2954.5, 2993.5, 3001.7,inferred
"South West",2021-01-01, 2901.7, 2909.5, 2940.6, 2970.4, 2997.8, 3030.2, 3034.6,inferred
"South West",2021-01-02, 2935.9, 2941.4, 2967.9, 2994.6, 3019.2, 3047.1, 3051.8,inferred
"South West",2021-01-03, 2969.0, 2973.1, 3000.9, 3021.9, 3047.6, 3072.6, 3086.6,inferred
"South West",2021-01-04, 3009.0, 3014.9, 3039.9, 3062.3, 3086.0, 3116.3, 3128.4,inferred
"South West",2021-01-05, 3048.4, 3055.7, 3084.4, 3111.6, 3135.7, 3169.5, 3194.7,inferred
"South West",2021-01-06, 3083.6, 3095.7, 3131.1, 3162.6, 3186.7, 3227.1, 3254.4,inferred
"South West",2021-01-07, 3073.1, 3077.3, 3121.1, 3150.5, 3174.9, 3208.7, 3241.7,inferred
"South West",2021-01-08, 3007.2, 3019.2, 3053.6, 3077.6, 3102.0, 3128.6, 3143.4,inferred
"South West",2021-01-09, 2924.3, 2930.5, 2964.6, 2987.8, 3007.5, 3034.5, 3049.5,inferred
"South West",2021-01-10, 2834.2, 2846.1, 2880.4, 2899.6, 2917.1, 2946.4, 2962.7,inferred
"South West",2021-01-11, 2756.8, 2760.8, 2800.3, 2821.3, 2837.9, 2876.6, 2885.7,inferred
"South West",2021-01-12, 2680.3, 2695.6, 2725.0, 2749.0, 2770.0, 2811.0, 2828.7,inferred
"South West",2021-01-13, 2607.7, 2618.2, 2654.7, 2678.5, 2707.0, 2748.0, 2769.5,inferred
"South West",2021-01-14, 2520.5, 2533.4, 2567.6, 2591.5, 2618.1, 2660.1, 2675.4,inferred
"South West",2021-01-15, 2420.8, 2433.7, 2464.6, 2481.1, 2503.2, 2545.4, 2551.7,inferred
"South West",2021-01-16, 2318.2, 2326.2, 2352.1, 2369.0, 2387.3, 2418.1, 2429.8,inferred
"South West",2021-01-17, 2218.2, 2222.1, 2242.7, 2262.4, 2278.6, 2305.6, 2318.2,inferred
"South West",2021-01-18, 2120.9, 2124.4, 2146.3, 2166.0, 2180.8, 2208.3, 2216.2,inferred
"South West",2021-01-19, 2022.2, 2030.5, 2055.2, 2073.1, 2090.0, 2119.7, 2125.2,inferred
"South West",2021-01-20, 1922.3, 1939.4, 1966.7, 1984.4, 2005.0, 2034.3, 2038.0,inferred
"South West",2021-01-21, 1838.6, 1848.9, 1876.0, 1894.0, 1914.0, 1941.2, 1948.1,inferred
"South West",2021-01-22, 1753.5, 1759.2, 1786.0, 1802.7, 1818.3, 1843.9, 1850.7,inferred
"South West",2021-01-23, 1667.0, 1676.2, 1697.4, 1711.6, 1726.2, 1748.3, 1756.4,inferred
"South West",2021-01-24, 1588.6, 1594.7, 1612.6, 1625.3, 1640.9, 1662.0, 1669.6,inferred
"South West",2021-01-25, 1517.1, 1520.4, 1538.4, 1548.8, 1563.3, 1582.3, 1592.3,inferred
"South West",2021-01-26, 1442.7, 1446.7, 1464.1, 1477.4, 1491.0, 1514.6, 1521.7,inferred
"South West",2021-01-27, 1369.3, 1380.0, 1395.7, 1410.0, 1425.6, 1454.2, 1464.0,inferred
"South West",2021-01-28, 1307.4, 1313.6, 1331.3, 1347.1, 1361.7, 1390.6, 1399.5,inferred
"South West",2021-01-29, 1248.7, 1251.7, 1271.1, 1285.8, 1300.3, 1323.6, 1329.7,inferred
"South West",2021-01-30, 1191.0, 1193.5, 1212.1, 1227.0, 1240.9, 1254.9, 1259.5,inferred
"South West",2021-01-31, 1129.7, 1135.4, 1152.1, 1168.8, 1181.6, 1195.5, 1200.3,inferred
"South West",2021-02-01, 1070.7, 1080.1, 1100.6, 1114.2, 1126.0, 1142.7, 1149.5,inferred
"South West",2021-02-02, 1019.1, 1023.5, 1051.4, 1064.4, 1076.4, 1094.7, 1102.9,inferred
"South West",2021-02-03,  964.5,  976.2, 1004.5, 1017.0, 1029.6, 1048.6, 1059.8,inferred
"South West",2021-02-04,  921.1,  933.2,  960.5,  973.8,  985.1, 1004.1, 1013.2,inferred
"South West",2021-02-05,  883.1,  896.5,  919.9,  932.4,  941.8,  958.6,  965.2,inferred
"South West",2021-02-06,  848.4,  861.4,  880.9,  891.4,  903.0,  916.0,  918.8,inferred
"South West",2021-02-07,  814.6,  822.4,  840.3,  851.6,  864.1,  876.6,  880.5,inferred
"South West",2021-02-08,  781.2,  785.7,  801.3,  813.8,  827.0,  840.9,  844.4,inferred
"South West",2021-02-09,  745.7,  751.1,  765.5,  780.6,  793.5,  810.4,  812.6,inferred
"South West",2021-02-10,  711.8,  718.0,  733.1,  748.5,  760.5,  778.5,  782.4,inferred
"South West",2021-02-11,  681.7,  687.3,  703.9,  716.4,  727.9,  744.8,  748.0,inferred
"South West",2021-02-12,  652.6,  657.5,  672.9,  683.7,  695.0,  710.7,  714.6,inferred
"South West",2021-02-13,  621.9,  628.7,  643.8,  651.9,  663.7,  679.5,  681.6,inferred
"South West",2021-02-14,  597.2,  600.5,  614.8,  623.0,  633.3,  649.6,  653.8,inferred
"South West",2021-02-15,  571.5,  575.1,  587.9,  596.4,  605.8,  621.3,  627.3,inferred
"South West",2021-02-16,  544.5,  549.3,  563.5,  571.1,  580.8,  596.4,  602.8,inferred
"South West",2021-02-17,  519.8,  524.3,  540.2,  547.4,  558.1,  573.7,  579.1,inferred
"South West",2021-02-18,  496.6,  499.6,  515.7,  523.6,  533.3,  548.4,  554.1,inferred
"South West",2021-02-19,  471.6,  475.7,  489.7,  498.2,  506.9,  521.1,  524.3,inferred
"South West",2021-02-20,  447.6,  450.0,  462.0,  471.6,  479.8,  491.5,  494.9,inferred
"South West",2021-02-21,  424.1,  426.3,  437.3,  446.0,  454.5,  465.5,  469.3,inferred
"South West",2021-02-22,  400.2,  404.9,  415.4,  420.8,  430.2,  442.7,  445.6,inferred
"South West",2021-02-23,  377.2,  382.4,  392.0,  398.8,  407.2,  421.1,  423.8,inferred
"South West",2021-02-24,  358.2,  360.5,  371.4,  379.3,  387.3,  400.4,  403.9,inferred
"South West",2021-02-25,  337.5,  344.9,  353.6,  361.2,  368.7,  381.1,  383.5,inferred
"South West",2021-02-26,  324.5,  328.6,  339.4,  345.6,  352.5,  362.4,  365.7,inferred
"South West",2021-02-27,  312.7,  314.9,  324.8,  330.8,  337.4,  345.7,  347.7,inferred
"South West",2021-02-28,  298.3,  300.6,  310.6,  317.5,  323.5,  330.7,  333.4,inferred
"South West",2021-03-01,  286.2,  289.1,  297.8,  304.5,  310.3,  317.6,  319.9,inferred
"South West",2021-03-02,  273.2,  278.2,  285.7,  292.2,  298.2,  305.9,  308.0,inferred
"South West",2021-03-03,  262.7,  268.0,  273.7,  281.0,  287.7,  296.2,  298.4,inferred
"South West",2021-03-04,  253.5,  260.2,  265.7,  273.4,  279.7,  288.6,  290.1,inferred
"South West",2021-03-05,  248.0,  255.6,  262.1,  268.0,  274.3,  282.7,  284.1,inferred
"South West",2021-03-06,  247.0,  250.9,  258.7,  263.3,  268.8,  277.5,  279.9,inferred
"South West",2021-03-07,  244.3,  246.0,  253.7,  258.3,  263.9,  272.8,  274.5,inferred
"South West",2021-03-08,  239.9,  242.1,  248.7,  254.3,  259.4,  268.4,  270.0,inferred
"South West",2021-03-09,  234.4,  236.6,  243.9,  249.4,  254.5,  263.8,  266.2,inferred
"South West",2021-03-10,  228.1,  232.2,  239.2,  245.0,  251.7,  261.0,  263.3,inferred
"South West",2021-03-11,  225.7,  228.9,  237.3,  242.3,  248.2,  257.5,  259.8,inferred
"South West",2021-03-12,  224.7,  227.4,  235.3,  240.7,  245.6,  254.7,  256.3,inferred
"South West",2021-03-13,  224.0,  225.2,  234.8,  238.7,  243.9,  252.1,  254.5,inferred
"South West",2021-03-14,  222.6,  224.7,  233.1,  236.4,  242.9,  249.9,  252.7,inferred
"South West",2021-03-15,  221.6,  222.5,  230.4,  235.6,  241.0,  249.5,  250.8,inferred
"South West",2021-03-16,  219.0,  221.5,  229.6,  234.5,  239.7,  248.9,  250.7,inferred
"South West",2021-03-17,  215.8,  219.7,  228.0,  233.3,  238.9,  248.3,  251.1,inferred
"South West",2021-03-18,  214.7,  217.3,  225.6,  231.5,  236.6,  247.4,  248.7,inferred
"South West",2021-03-19,  213.0,  215.4,  223.0,  228.4,  234.2,  241.9,  245.8,inferred
"South West",2021-03-20,  210.4,  214.0,  220.3,  225.5,  230.5,  237.8,  241.0,inferred
"South West",2021-03-21,  208.7,  209.9,  217.5,  222.2,  227.6,  234.5,  238.6,inferred
"South West",2021-03-22,  205.7,  207.2,  214.3,  219.6,  224.5,  231.7,  236.2,inferred
"South West",2021-03-23,  202.9,  203.8,  210.7,  216.4,  221.9,  229.6,  234.1,inferred
"South West",2021-03-24,  199.0,  200.0,  206.8,  213.4,  219.5,  227.5,  230.6,inferred
"South West",2021-03-25,  193.4,  194.2,  201.5,  207.7,  212.8,  221.7,  223.2,inferred
"South West",2021-03-26,  185.7,  186.4,  194.3,  199.8,  204.4,  212.9,  213.6,inferred
"South West",2021-03-27,  177.1,  177.7,  185.7,  191.1,  196.0,  203.1,  204.3,inferred
"South West",2021-03-28,  167.9,  169.8,  178.0,  182.4,  187.4,  194.2,  194.9,inferred
"South West",2021-03-29,  160.4,  162.1,  170.6,  174.6,  179.4,  184.7,  187.6,inferred
"South West",2021-03-30,  154.0,  154.7,  163.2,  167.7,  171.9,  177.5,  180.7,inferred
"South West",2021-03-31,  147.0,  147.9,  156.5,  160.7,  164.6,  171.2,  173.9,inferred
"South West",2021-04-01,  140.8,  142.2,  150.5,  155.0,  159.5,  165.8,  169.5,inferred
"South West",2021-04-02,  134.5,  136.3,  143.7,  149.8,  154.8,  161.9,  164.4,inferred
"South West",2021-04-03,  128.0,  130.8,  138.4,  145.2,  151.1,  158.5,  162.0,inferred
"South West",2021-04-04,  123.2,  124.7,  133.4,  140.2,  146.9,  154.5,  160.0,inferred
"East of England",2020-12-21, 4885.1, 4885.1, 4885.1, 4885.1, 4885.1, 4885.1, 4885.1,inferred
"East of England",2020-12-22, 4703.1, 4703.1, 4703.1, 4703.1, 4703.1, 4703.1, 4703.1,inferred
"East of England",2020-12-23, 4783.7, 4784.1, 4784.7, 4785.2, 4785.6, 4786.3, 4786.5,inferred
"East of England",2020-12-24, 5033.7, 5037.4, 5044.0, 5049.6, 5054.8, 5061.5, 5062.8,inferred
"East of England",2020-12-25, 5346.2, 5350.6, 5363.9, 5376.6, 5387.9, 5402.3, 5407.3,inferred
"East of England",2020-12-26, 5672.9, 5680.8, 5701.5, 5723.0, 5740.9, 5763.0, 5781.7,inferred
"East of England",2020-12-27, 6006.9, 6013.6, 6051.4, 6070.0, 6099.1, 6136.4, 6151.5,inferred
"East of England",2020-12-28, 6343.3, 6351.0, 6398.7, 6425.4, 6459.6, 6507.9, 6522.5,inferred
"East of England",2020-12-29, 6687.3, 6700.0, 6761.4, 6790.7, 6832.7, 6902.2, 6910.2,inferred
"East of England",2020-12-30, 7023.6, 7037.6, 7103.8, 7143.0, 7196.6, 7265.4, 7275.2,inferred
"East of England",2020-12-31, 7127.6, 7143.9, 7197.5, 7246.5, 7295.0, 7361.0, 7377.5,inferred
"East of England",2021-01-01, 7001.8, 7019.3, 7058.1, 7102.2, 7151.2, 7201.8, 7225.0,inferred
"East of England",2021-01-02, 6799.0, 6820.7, 6865.8, 6900.1, 6939.0, 7001.8, 7010.0,inferred
"East of England",2021-01-03, 6616.4, 6631.2, 6680.8, 6709.9, 6741.3, 6802.9, 6816.3,inferred
"East of England",2021-01-04, 6441.5, 6460.6, 6509.1, 6540.0, 6575.0, 6627.3, 6643.5,inferred
"East of England",2021-01-05, 6283.7, 6311.3, 6360.5, 6394.2, 6429.6, 6480.5, 6500.2,inferred
"East of England",2021-01-06, 6138.8, 6162.6, 6218.2, 6254.1, 6307.2, 6357.6, 6370.9,inferred
"East of England",2021-01-07, 5935.5, 5964.6, 6018.5, 6053.6, 6102.8, 6157.1, 6174.2,inferred
"East of England",2021-01-08, 5700.7, 5720.8, 5763.3, 5800.4, 5838.8, 5887.7, 5900.3,inferred
"East of England",2021-01-09, 5436.6, 5445.2, 5487.1, 5522.4, 5553.2, 5595.4, 5602.1,inferred
"East of England",2021-01-10, 5170.0, 5184.8, 5223.6, 5259.7, 5283.4, 5326.2, 5332.9,inferred
"East of England",2021-01-11, 4928.3, 4937.6, 4987.7, 5015.3, 5043.8, 5086.6, 5093.2,inferred
"East of England",2021-01-12, 4701.1, 4713.6, 4765.3, 4795.7, 4822.2, 4865.8, 4876.4,inferred
"East of England",2021-01-13, 4490.6, 4511.4, 4553.8, 4587.0, 4624.0, 4671.1, 4679.0,inferred
"East of England",2021-01-14, 4294.3, 4321.0, 4356.4, 4392.4, 4421.5, 4470.5, 4483.7,inferred
"East of England",2021-01-15, 4115.8, 4141.9, 4172.8, 4201.5, 4227.9, 4272.0, 4279.3,inferred
"East of England",2021-01-16, 3950.1, 3959.1, 3994.3, 4017.5, 4041.8, 4075.9, 4082.1,inferred
"East of England",2021-01-17, 3779.2, 3782.3, 3818.1, 3843.4, 3865.1, 3890.0, 3897.9,inferred
"East of England",2021-01-18, 3619.9, 3630.5, 3658.3, 3683.5, 3704.5, 3732.6, 3735.0,inferred
"East of England",2021-01-19, 3464.5, 3468.4, 3506.7, 3530.6, 3554.5, 3583.0, 3588.4,inferred
"East of England",2021-01-20, 3311.4, 3319.8, 3361.7, 3382.7, 3409.9, 3435.3, 3447.8,inferred
"East of England",2021-01-21, 3161.5, 3169.1, 3204.6, 3226.6, 3254.6, 3281.2, 3292.4,inferred
"East of England",2021-01-22, 3011.2, 3016.4, 3044.0, 3066.1, 3088.4, 3116.5, 3128.7,inferred
"East of England",2021-01-23, 2855.4, 2863.7, 2881.2, 2904.5, 2927.5, 2959.0, 2961.2,inferred
"East of England",2021-01-24, 2709.8, 2713.8, 2730.1, 2751.9, 2776.7, 2805.5, 2810.6,inferred
"East of England",2021-01-25, 2562.5, 2574.0, 2598.5, 2615.5, 2638.4, 2669.9, 2677.3,inferred
"East of England",2021-01-26, 2428.0, 2439.2, 2471.4, 2490.5, 2511.9, 2538.1, 2552.1,inferred
"East of England",2021-01-27, 2303.1, 2315.3, 2348.6, 2372.4, 2394.2, 2419.0, 2433.3,inferred
"East of England",2021-01-28, 2190.2, 2202.6, 2232.1, 2255.0, 2276.3, 2299.8, 2314.2,inferred
"East of England",2021-01-29, 2078.7, 2088.4, 2117.9, 2136.4, 2159.4, 2180.8, 2190.6,inferred
"East of England",2021-01-30, 1975.1, 1981.5, 2010.2, 2025.1, 2043.4, 2064.4, 2070.2,inferred
"East of England",2021-01-31, 1869.1, 1877.1, 1902.8, 1919.8, 1935.3, 1957.1, 1960.8,inferred
"East of England",2021-02-01, 1768.9, 1774.7, 1804.4, 1820.1, 1832.7, 1856.6, 1862.4,inferred
"East of England",2021-02-02, 1674.2, 1679.2, 1711.1, 1724.5, 1740.1, 1763.0, 1764.9,inferred
"East of England",2021-02-03, 1583.4, 1589.3, 1620.6, 1637.7, 1651.9, 1674.7, 1678.0,inferred
"East of England",2021-02-04, 1500.5, 1504.3, 1534.3, 1551.9, 1566.7, 1589.8, 1593.7,inferred
"East of England",2021-02-05, 1424.6, 1426.9, 1452.1, 1467.8, 1483.0, 1502.0, 1506.1,inferred
"East of England",2021-02-06, 1348.7, 1351.9, 1374.4, 1388.3, 1401.3, 1420.2, 1422.7,inferred
"East of England",2021-02-07, 1274.6, 1278.0, 1301.0, 1313.3, 1325.1, 1344.0, 1346.4,inferred
"East of England",2021-02-08, 1205.2, 1210.5, 1231.2, 1242.9, 1254.5, 1272.4, 1278.5,inferred
"East of England",2021-02-09, 1141.6, 1146.2, 1167.4, 1179.3, 1191.5, 1207.9, 1216.8,inferred
"East of England",2021-02-10, 1084.1, 1088.4, 1109.5, 1121.6, 1132.7, 1149.1, 1159.7,inferred
"East of England",2021-02-11, 1036.6, 1038.5, 1060.5, 1071.2, 1082.9, 1100.9, 1107.1,inferred
"East of England",2021-02-12,  997.6, 1002.2, 1019.8, 1030.5, 1040.5, 1058.0, 1060.1,inferred
"East of England",2021-02-13,  961.7,  965.7,  981.5,  990.3, 1001.1, 1015.1, 1017.5,inferred
"East of England",2021-02-14,  927.2,  931.2,  943.1,  952.7,  963.0,  976.3,  980.4,inferred
"East of England",2021-02-15,  894.9,  895.4,  907.5,  916.1,  925.1,  940.7,  945.7,inferred
"East of England",2021-02-16,  856.5,  860.5,  872.9,  880.9,  891.1,  908.2,  913.1,inferred
"East of England",2021-02-17,  822.7,  825.6,  839.8,  848.5,  859.8,  875.9,  880.4,inferred
"East of England",2021-02-18,  790.3,  792.3,  807.1,  815.2,  828.0,  841.2,  850.2,inferred
"East of England",2021-02-19,  756.6,  763.1,  773.9,  781.2,  793.4,  807.0,  813.0,inferred
"East of England",2021-02-20,  726.2,  730.3,  740.9,  749.3,  758.7,  771.2,  777.8,inferred
"East of England",2021-02-21,  695.0,  698.4,  707.4,  718.0,  727.1,  738.3,  743.1,inferred
"East of England",2021-02-22,  662.5,  666.0,  678.2,  688.5,  695.5,  706.9,  709.5,inferred
"East of England",2021-02-23,  631.0,  634.6,  650.4,  658.6,  667.7,  678.1,  681.0,inferred
"East of England",2021-02-24,  604.1,  606.3,  621.9,  632.1,  641.0,  650.7,  652.4,inferred
"East of England",2021-02-25,  579.4,  584.4,  596.7,  606.3,  614.7,  623.6,  626.3,inferred
"East of England",2021-02-26,  556.4,  561.6,  574.1,  582.1,  589.1,  598.3,  599.2,inferred
"East of England",2021-02-27,  538.1,  540.7,  551.7,  558.4,  565.2,  573.3,  576.1,inferred
"East of England",2021-02-28,  518.1,  520.7,  529.9,  536.5,  543.1,  550.8,  553.4,inferred
"East of England",2021-03-01,  497.4,  498.9,  508.2,  514.5,  521.7,  529.6,  532.6,inferred
"East of England",2021-03-02,  475.8,  478.8,  490.1,  495.7,  502.8,  511.5,  515.3,inferred
"East of England",2021-03-03,  457.3,  460.1,  471.5,  477.1,  485.0,  495.7,  497.9,inferred
"East of England",2021-03-04,  443.5,  447.9,  458.2,  463.2,  472.0,  482.1,  483.9,inferred
"East of England",2021-03-05,  437.5,  439.2,  448.3,  453.5,  462.5,  470.8,  473.6,inferred
"East of England",2021-03-06,  429.4,  432.1,  439.9,  446.4,  453.9,  462.6,  465.2,inferred
"East of England",2021-03-07,  422.0,  424.0,  431.7,  439.1,  446.4,  455.1,  457.9,inferred
"East of England",2021-03-08,  414.2,  417.7,  423.2,  432.5,  438.8,  446.6,  450.7,inferred
"East of England",2021-03-09,  405.9,  408.3,  416.2,  425.8,  432.0,  439.6,  443.7,inferred
"East of England",2021-03-10,  397.4,  400.0,  410.7,  417.8,  425.1,  434.3,  435.8,inferred
"East of England",2021-03-11,  393.4,  395.6,  405.3,  412.6,  420.0,  427.9,  431.8,inferred
"East of England",2021-03-12,  390.9,  394.3,  402.8,  410.4,  417.5,  425.4,  428.6,inferred
"East of England",2021-03-13,  390.1,  391.7,  400.8,  407.7,  414.5,  422.5,  424.2,inferred
"East of England",2021-03-14,  386.7,  388.8,  397.9,  404.3,  410.6,  418.4,  422.5,inferred
"East of England",2021-03-15,  382.0,  384.8,  395.6,  401.2,  408.1,  417.5,  420.0,inferred
"East of England",2021-03-16,  379.4,  380.2,  392.1,  398.2,  405.8,  416.6,  418.3,inferred
"East of England",2021-03-17,  375.7,  377.6,  389.3,  395.2,  403.5,  414.1,  416.2,inferred
"East of England",2021-03-18,  371.5,  374.4,  385.3,  391.3,  399.5,  409.3,  412.3,inferred
"East of England",2021-03-19,  367.5,  370.6,  379.1,  386.1,  392.4,  403.3,  407.2,inferred
"East of England",2021-03-20,  363.5,  365.2,  373.4,  379.5,  386.0,  397.1,  400.2,inferred
"East of England",2021-03-21,  358.1,  360.5,  367.0,  373.1,  380.5,  390.1,  392.7,inferred
"East of England",2021-03-22,  351.9,  353.7,  360.3,  367.1,  374.8,  384.9,  387.3,inferred
"East of England",2021-03-23,  345.2,  347.0,  355.2,  362.0,  369.2,  381.7,  382.7,inferred
"East of England",2021-03-24,  338.8,  340.8,  349.7,  356.1,  364.9,  376.6,  379.0,inferred
"East of England",2021-03-25,  331.5,  333.0,  340.7,  348.0,  356.2,  366.9,  369.2,inferred
"East of England",2021-03-26,  319.9,  321.9,  328.8,  336.9,  343.0,  352.8,  355.5,inferred
"East of England",2021-03-27,  307.9,  309.1,  317.1,  324.3,  330.7,  339.0,  341.3,inferred
"East of England",2021-03-28,  294.7,  296.9,  304.7,  312.5,  318.3,  326.4,  328.5,inferred
"East of England",2021-03-29,  281.6,  284.4,  292.9,  300.2,  307.1,  314.5,  317.2,inferred
"East of England",2021-03-30,  270.8,  273.0,  282.5,  290.7,  296.7,  304.9,  307.7,inferred
"East of England",2021-03-31,  262.1,  263.7,  273.3,  280.9,  286.9,  296.7,  300.7,inferred
"East of England",2021-04-01,  253.9,  255.9,  264.2,  271.6,  277.6,  290.6,  292.3,inferred
"East of England",2021-04-02,  245.1,  247.4,  256.5,  262.4,  269.4,  283.7,  286.5,inferred
"East of England",2021-04-03,  233.7,  239.6,  248.7,  255.1,  261.3,  276.6,  281.0,inferred
"East of England",2021-04-04,  226.1,  231.0,  240.4,  247.8,  254.4,  269.6,  274.8,inferred
"South East",2020-12-21, 6293.4, 6293.4, 6293.4, 6293.4, 6293.4, 6293.4, 6293.4,inferred
"South East",2020-12-22, 6071.3, 6071.3, 6071.3, 6071.3, 6071.3, 6071.3, 6071.3,inferred
"South East",2020-12-23, 6157.2, 6157.4, 6158.1, 6158.7, 6159.3, 6160.0, 6160.3,inferred
"South East",2020-12-24, 6479.9, 6483.6, 6491.1, 6497.4, 6503.5, 6511.5, 6514.9,inferred
"South East",2020-12-25, 6913.7, 6921.2, 6942.3, 6956.0, 6969.2, 6985.7, 6989.9,inferred
"South East",2020-12-26, 7392.5, 7400.0, 7433.8, 7456.9, 7478.3, 7498.3, 7507.9,inferred
"South East",2020-12-27, 7884.4, 7896.3, 7936.8, 7970.4, 7996.2, 8027.8, 8039.2,inferred
"South East",2020-12-28, 8385.4, 8401.2, 8455.0, 8491.5, 8523.2, 8568.3, 8589.1,inferred
"South East",2020-12-29, 8916.8, 8927.3, 8993.8, 9038.5, 9078.4, 9137.9, 9160.2,inferred
"South East",2020-12-30, 9425.0, 9443.6, 9517.5, 9572.2, 9622.2, 9701.7, 9723.2,inferred
"South East",2020-12-31, 9602.9, 9627.5, 9699.3, 9754.5, 9808.2, 9884.7, 9910.6,inferred
"South East",2021-01-01, 9464.7, 9484.2, 9550.2, 9597.7, 9641.6, 9710.4, 9746.6,inferred
"South East",2021-01-02, 9243.6, 9263.0, 9316.7, 9358.7, 9391.6, 9451.8, 9486.5,inferred
"South East",2021-01-03, 9029.6, 9046.1, 9091.2, 9127.2, 9161.5, 9221.3, 9243.0,inferred
"South East",2021-01-04, 8826.5, 8836.1, 8883.0, 8923.6, 8962.3, 9033.2, 9041.0,inferred
"South East",2021-01-05, 8642.0, 8655.2, 8704.8, 8752.1, 8796.7, 8860.7, 8875.1,inferred
"South East",2021-01-06, 8463.6, 8498.1, 8542.3, 8594.3, 8640.1, 8717.1, 8739.2,inferred
"South East",2021-01-07, 8228.6, 8247.5, 8295.9, 8344.5, 8392.5, 8464.5, 8492.5,inferred
"South East",2021-01-08, 7920.7, 7933.7, 7973.0, 8016.9, 8057.7, 8111.5, 8134.7,inferred
"South East",2021-01-09, 7577.6, 7588.2, 7619.6, 7654.7, 7689.9, 7728.2, 7748.2,inferred
"South East",2021-01-10, 7232.5, 7240.9, 7287.7, 7312.0, 7339.2, 7378.0, 7395.3,inferred
"South East",2021-01-11, 6907.4, 6919.1, 6968.6, 6989.6, 7018.9, 7069.0, 7078.4,inferred
"South East",2021-01-12, 6609.3, 6625.9, 6669.2, 6700.1, 6726.2, 6786.3, 6795.6,inferred
"South East",2021-01-13, 6322.5, 6336.7, 6391.3, 6425.5, 6457.7, 6516.2, 6533.4,inferred
"South East",2021-01-14, 6038.6, 6054.5, 6109.3, 6143.0, 6175.8, 6228.2, 6246.3,inferred
"South East",2021-01-15, 5758.3, 5773.7, 5817.4, 5845.4, 5879.9, 5925.0, 5931.3,inferred
"South East",2021-01-16, 5480.9, 5485.3, 5529.7, 5555.0, 5586.9, 5619.4, 5626.0,inferred
"South East",2021-01-17, 5197.9, 5214.3, 5257.1, 5277.5, 5299.9, 5338.2, 5343.9,inferred
"South East",2021-01-18, 4951.8, 4962.9, 5004.4, 5029.2, 5052.3, 5086.6, 5104.1,inferred
"South East",2021-01-19, 4718.8, 4724.7, 4763.0, 4790.8, 4815.3, 4859.8, 4873.1,inferred
"South East",2021-01-20, 4495.7, 4500.2, 4534.5, 4563.7, 4592.6, 4641.4, 4655.1,inferred
"South East",2021-01-21, 4261.7, 4270.2, 4302.0, 4330.1, 4357.3, 4403.3, 4420.7,inferred
"South East",2021-01-22, 4025.8, 4033.7, 4066.5, 4088.1, 4113.8, 4154.7, 4163.6,inferred
"South East",2021-01-23, 3789.1, 3799.0, 3838.0, 3855.3, 3872.7, 3909.7, 3918.6,inferred
"South East",2021-01-24, 3567.4, 3576.9, 3614.7, 3634.4, 3651.9, 3684.6, 3690.1,inferred
"South East",2021-01-25, 3368.5, 3382.9, 3411.8, 3432.8, 3456.4, 3487.4, 3494.7,inferred
"South East",2021-01-26, 3179.9, 3195.5, 3223.4, 3247.8, 3267.9, 3299.7, 3314.8,inferred
"South East",2021-01-27, 3002.7, 3017.1, 3049.5, 3071.2, 3095.2, 3130.9, 3140.3,inferred
"South East",2021-01-28, 2842.8, 2847.8, 2884.8, 2904.2, 2926.0, 2961.1, 2968.9,inferred
"South East",2021-01-29, 2686.0, 2693.1, 2724.8, 2743.9, 2760.3, 2789.3, 2799.4,inferred
"South East",2021-01-30, 2537.1, 2544.6, 2572.2, 2588.5, 2602.6, 2629.8, 2638.0,inferred
"South East",2021-01-31, 2396.3, 2399.4, 2423.0, 2440.6, 2458.7, 2479.3, 2483.3,inferred
"South East",2021-02-01, 2259.0, 2264.4, 2284.6, 2305.6, 2324.9, 2341.7, 2354.5,inferred
"South East",2021-02-02, 2126.5, 2132.0, 2156.2, 2178.2, 2201.0, 2221.2, 2225.5,inferred
"South East",2021-02-03, 2000.4, 2006.7, 2037.8, 2057.7, 2079.4, 2101.1, 2110.9,inferred
"South East",2021-02-04, 1885.0, 1892.5, 1922.0, 1941.4, 1962.2, 1984.9, 1996.0,inferred
"South East",2021-02-05, 1780.0, 1789.7, 1810.6, 1829.0, 1845.0, 1868.4, 1877.5,inferred
"South East",2021-02-06, 1679.3, 1684.8, 1707.1, 1722.4, 1735.5, 1754.3, 1761.3,inferred
"South East",2021-02-07, 1580.4, 1586.0, 1606.6, 1619.3, 1632.6, 1648.6, 1653.1,inferred
"South East",2021-02-08, 1488.3, 1493.3, 1512.6, 1526.3, 1540.1, 1554.8, 1560.1,inferred
"South East",2021-02-09, 1403.4, 1405.9, 1426.9, 1439.4, 1453.1, 1473.2, 1477.2,inferred
"South East",2021-02-10, 1322.9, 1326.1, 1347.3, 1360.3, 1374.8, 1397.7, 1401.9,inferred
"South East",2021-02-11, 1262.9, 1267.4, 1284.6, 1297.2, 1312.2, 1332.7, 1339.5,inferred
"South East",2021-02-12, 1216.2, 1220.3, 1234.3, 1247.7, 1260.9, 1277.7, 1281.9,inferred
"South East",2021-02-13, 1172.7, 1177.4, 1190.9, 1203.1, 1216.4, 1230.6, 1238.3,inferred
"South East",2021-02-14, 1130.8, 1135.2, 1146.1, 1159.8, 1171.7, 1186.3, 1197.9,inferred
"South East",2021-02-15, 1088.7, 1091.7, 1105.7, 1116.1, 1127.4, 1146.3, 1154.9,inferred
"South East",2021-02-16, 1045.2, 1050.3, 1066.4, 1076.0, 1085.7, 1107.5, 1120.4,inferred
"South East",2021-02-17, 1004.1, 1010.3, 1027.5, 1035.6, 1046.1, 1066.4, 1085.7,inferred
"South East",2021-02-18,  961.1,  970.3,  986.2,  994.8, 1004.9, 1022.2, 1041.0,inferred
"South East",2021-02-19,  919.3,  927.7,  941.4,  951.0,  960.1,  974.5,  989.4,inferred
"South East",2021-02-20,  879.0,  883.0,  895.7,  906.7,  915.5,  927.4,  938.2,inferred
"South East",2021-02-21,  837.5,  841.2,  852.5,  862.9,  872.6,  883.4,  891.5,inferred
"South East",2021-02-22,  796.3,  800.6,  810.6,  822.0,  832.3,  844.0,  848.9,inferred
"South East",2021-02-23,  756.8,  760.7,  772.8,  784.3,  793.0,  806.8,  811.9,inferred
"South East",2021-02-24,  719.2,  723.0,  735.8,  748.3,  756.3,  771.6,  777.8,inferred
"South East",2021-02-25,  686.1,  689.6,  702.3,  714.5,  722.9,  738.4,  743.6,inferred
"South East",2021-02-26,  656.8,  658.5,  671.4,  683.3,  690.2,  702.6,  707.0,inferred
"South East",2021-02-27,  627.0,  630.3,  641.2,  652.4,  659.4,  669.1,  672.0,inferred
"South East",2021-02-28,  597.6,  600.0,  612.8,  622.4,  630.9,  639.2,  642.1,inferred
"South East",2021-03-01,  570.1,  573.1,  585.9,  594.4,  603.8,  614.3,  617.9,inferred
"South East",2021-03-02,  546.1,  549.7,  561.2,  568.3,  577.8,  589.4,  594.2,inferred
"South East",2021-03-03,  522.3,  525.6,  538.4,  547.2,  555.4,  567.7,  574.0,inferred
"South East",2021-03-04,  507.3,  510.9,  524.2,  532.7,  540.2,  551.9,  557.0,inferred
"South East",2021-03-05,  500.8,  505.7,  517.9,  524.8,  531.1,  541.0,  545.2,inferred
"South East",2021-03-06,  496.9,  499.8,  512.4,  518.5,  523.1,  532.3,  536.6,inferred
"South East",2021-03-07,  491.2,  493.8,  505.5,  511.7,  516.8,  525.6,  528.3,inferred
"South East",2021-03-08,  484.2,  488.2,  497.7,  504.8,  510.6,  521.7,  523.6,inferred
"South East",2021-03-09,  480.7,  481.8,  490.5,  498.2,  503.1,  516.6,  521.8,inferred
"South East",2021-03-10,  473.6,  475.7,  484.6,  491.7,  497.9,  512.6,  517.8,inferred
"South East",2021-03-11,  469.1,  471.6,  480.7,  486.6,  494.3,  508.1,  512.9,inferred
"South East",2021-03-12,  466.7,  468.1,  478.0,  483.2,  491.1,  504.5,  509.0,inferred
"South East",2021-03-13,  462.8,  465.2,  475.2,  480.2,  488.3,  498.8,  504.2,inferred
"South East",2021-03-14,  458.8,  463.2,  471.9,  476.8,  484.5,  495.0,  498.7,inferred
"South East",2021-03-15,  456.5,  459.5,  467.4,  474.9,  481.0,  491.2,  494.7,inferred
"South East",2021-03-16,  453.3,  455.0,  463.0,  473.1,  478.4,  488.7,  490.7,inferred
"South East",2021-03-17,  448.5,  451.3,  460.5,  469.8,  476.6,  484.5,  489.0,inferred
"South East",2021-03-18,  444.4,  448.3,  457.4,  466.1,  473.6,  481.4,  482.9,inferred
"South East",2021-03-19,  441.7,  444.0,  452.5,  461.0,  469.3,  475.7,  476.6,inferred
"South East",2021-03-20,  437.3,  440.1,  448.8,  455.9,  461.9,  470.0,  471.1,inferred
"South East",2021-03-21,  432.3,  434.2,  443.5,  449.3,  457.4,  464.0,  465.5,inferred
"South East",2021-03-22,  427.6,  429.4,  436.8,  443.7,  452.7,  460.2,  461.0,inferred
"South East",2021-03-23,  423.1,  424.2,  430.9,  438.7,  447.3,  454.8,  457.3,inferred
"South East",2021-03-24,  417.1,  418.5,  424.7,  434.2,  441.4,  451.0,  453.3,inferred
"South East",2021-03-25,  406.3,  408.9,  416.6,  424.8,  433.1,  442.9,  444.7,inferred
"South East",2021-03-26,  392.5,  395.5,  403.8,  411.6,  419.3,  428.9,  430.5,inferred
"South East",2021-03-27,  377.5,  381.5,  389.7,  396.6,  402.8,  413.3,  416.5,inferred
"South East",2021-03-28,  364.6,  367.2,  375.7,  381.5,  387.9,  397.9,  403.2,inferred
"South East",2021-03-29,  350.5,  353.9,  362.0,  367.5,  373.0,  384.6,  389.5,inferred
"South East",2021-03-30,  337.4,  340.8,  349.6,  355.3,  361.3,  372.1,  377.3,inferred
"South East",2021-03-31,  325.9,  330.2,  338.7,  344.6,  350.9,  360.4,  366.3,inferred
"South East",2021-04-01,  315.3,  318.0,  328.0,  334.2,  340.6,  349.8,  354.5,inferred
"South East",2021-04-02,  303.6,  307.5,  318.2,  323.5,  331.5,  340.7,  342.9,inferred
"South East",2021-04-03,  291.4,  297.7,  307.6,  314.2,  323.2,  331.1,  336.8,inferred
"South East",2021-04-04,  279.6,  287.1,  297.3,  306.8,  316.2,  324.0,  328.3,inferred
"London",2020-12-21,10162.4,10162.4,10162.4,10162.4,10162.4,10162.4,10162.4,inferred
"London",2020-12-22, 9857.5, 9857.5, 9857.5, 9857.5, 9857.5, 9857.5, 9857.5,inferred
"London",2020-12-23,10010.0,10010.2,10011.5,10012.3,10012.9,10013.8,10014.1,inferred
"London",2020-12-24,10443.6,10446.7,10459.6,10468.8,10475.2,10484.8,10488.8,inferred
"London",2020-12-25,10953.0,10966.1,10996.6,11014.3,11030.5,11055.5,11064.0,inferred
"London",2020-12-26,11478.9,11499.2,11544.8,11573.9,11599.1,11644.3,11656.9,inferred
"London",2020-12-27,12009.1,12022.5,12088.6,12125.8,12162.8,12218.2,12250.3,inferred
"London",2020-12-28,12521.7,12548.4,12629.3,12671.3,12717.0,12795.6,12826.7,inferred
"London",2020-12-29,13050.3,13074.6,13176.4,13235.3,13290.6,13393.7,13417.5,inferred
"London",2020-12-30,13531.5,13587.6,13698.1,13772.4,13836.9,13959.1,13977.0,inferred
"London",2020-12-31,13693.9,13756.9,13848.4,13926.5,13993.3,14105.1,14133.7,inferred
"London",2021-01-01,13533.8,13574.8,13655.9,13724.0,13792.2,13880.0,13919.6,inferred
"London",2021-01-02,13281.9,13324.7,13377.9,13444.2,13508.1,13581.8,13619.0,inferred
"London",2021-01-03,13036.5,13059.6,13116.7,13176.9,13239.8,13303.9,13327.2,inferred
"London",2021-01-04,12784.1,12799.3,12869.2,12933.1,13003.2,13080.9,13113.9,inferred
"London",2021-01-05,12546.1,12562.7,12650.0,12734.1,12810.3,12901.9,12912.7,inferred
"London",2021-01-06,12324.5,12345.6,12437.9,12525.0,12600.8,12719.2,12730.6,inferred
"London",2021-01-07,11918.7,11939.8,12032.1,12111.0,12187.8,12300.7,12321.3,inferred
"London",2021-01-08,11356.7,11383.7,11452.1,11512.5,11589.7,11684.3,11692.4,inferred
"London",2021-01-09,10740.8,10749.1,10808.5,10867.2,10932.8,11009.2,11020.3,inferred
"London",2021-01-10,10118.8,10140.7,10196.4,10251.4,10307.4,10377.2,10399.8,inferred
"London",2021-01-11, 9529.2, 9566.1, 9637.3, 9686.0, 9738.6, 9820.3, 9827.9,inferred
"London",2021-01-12, 9009.1, 9044.1, 9122.5, 9179.9, 9231.2, 9307.8, 9337.2,inferred
"London",2021-01-13, 8518.2, 8552.2, 8638.3, 8707.1, 8764.5, 8842.1, 8891.8,inferred
"London",2021-01-14, 8067.6, 8107.9, 8193.3, 8255.7, 8309.7, 8383.4, 8428.4,inferred
"London",2021-01-15, 7668.5, 7704.2, 7764.6, 7811.6, 7865.3, 7929.2, 7950.9,inferred
"London",2021-01-16, 7274.8, 7284.8, 7350.0, 7394.0, 7434.7, 7497.0, 7501.6,inferred
"London",2021-01-17, 6852.5, 6886.4, 6943.5, 6991.1, 7032.6, 7074.2, 7101.8,inferred
"London",2021-01-18, 6478.6, 6510.7, 6573.9, 6628.8, 6665.4, 6724.6, 6739.5,inferred
"London",2021-01-19, 6126.9, 6150.8, 6226.0, 6278.1, 6320.4, 6386.7, 6401.9,inferred
"London",2021-01-20, 5801.9, 5816.2, 5888.5, 5942.1, 5991.2, 6063.7, 6077.3,inferred
"London",2021-01-21, 5472.7, 5478.7, 5551.0, 5598.7, 5645.4, 5722.3, 5726.8,inferred
"London",2021-01-22, 5143.3, 5151.2, 5211.5, 5244.8, 5293.6, 5355.4, 5359.3,inferred
"London",2021-01-23, 4828.2, 4838.8, 4880.1, 4913.4, 4954.1, 5000.4, 5011.5,inferred
"London",2021-01-24, 4512.5, 4539.6, 4567.8, 4604.0, 4634.9, 4674.1, 4686.6,inferred
"London",2021-01-25, 4240.6, 4252.9, 4288.8, 4320.9, 4350.1, 4388.5, 4408.4,inferred
"London",2021-01-26, 3974.2, 3982.0, 4026.3, 4055.7, 4088.2, 4128.7, 4148.8,inferred
"London",2021-01-27, 3722.7, 3735.5, 3779.9, 3808.6, 3845.0, 3886.7, 3915.3,inferred
"London",2021-01-28, 3499.3, 3509.0, 3548.0, 3582.1, 3613.3, 3649.8, 3682.6,inferred
"London",2021-01-29, 3288.2, 3297.9, 3335.0, 3363.7, 3389.6, 3422.7, 3443.1,inferred
"London",2021-01-30, 3092.4, 3097.6, 3130.3, 3156.4, 3173.7, 3209.8, 3216.6,inferred
"London",2021-01-31, 2890.8, 2897.0, 2936.7, 2959.2, 2974.2, 3005.3, 3014.5,inferred
"London",2021-02-01, 2706.4, 2713.8, 2754.2, 2776.3, 2794.6, 2824.7, 2833.8,inferred
"London",2021-02-02, 2530.7, 2539.2, 2580.3, 2601.9, 2630.5, 2659.3, 2664.2,inferred
"London",2021-02-03, 2368.6, 2372.4, 2417.8, 2442.5, 2470.5, 2499.4, 2509.1,inferred
"London",2021-02-04, 2213.2, 2217.6, 2260.0, 2284.4, 2310.9, 2336.7, 2347.2,inferred
"London",2021-02-05, 2063.8, 2071.9, 2109.7, 2127.6, 2149.2, 2174.0, 2181.9,inferred
"London",2021-02-06, 1925.4, 1929.7, 1959.7, 1977.2, 2000.5, 2020.8, 2029.6,inferred
"London",2021-02-07, 1785.7, 1799.9, 1819.2, 1837.6, 1860.5, 1883.5, 1891.3,inferred
"London",2021-02-08, 1660.0, 1670.7, 1694.2, 1710.3, 1731.8, 1759.2, 1766.1,inferred
"London",2021-02-09, 1539.8, 1548.4, 1573.6, 1592.6, 1612.8, 1646.4, 1652.2,inferred
"London",2021-02-10, 1432.1, 1435.5, 1470.4, 1488.3, 1507.7, 1541.6, 1546.0,inferred
"London",2021-02-11, 1348.5, 1354.6, 1388.3, 1403.8, 1422.5, 1451.5, 1458.9,inferred
"London",2021-02-12, 1289.9, 1296.1, 1325.9, 1341.1, 1354.8, 1379.8, 1394.4,inferred
"London",2021-02-13, 1241.0, 1243.1, 1268.1, 1284.3, 1298.5, 1319.9, 1335.7,inferred
"London",2021-02-14, 1182.5, 1192.2, 1215.4, 1229.1, 1242.4, 1262.2, 1273.6,inferred
"London",2021-02-15, 1128.8, 1135.4, 1161.8, 1175.1, 1190.3, 1214.2, 1216.5,inferred
"London",2021-02-16, 1073.5, 1082.4, 1110.5, 1124.7, 1140.0, 1162.7, 1170.2,inferred
"London",2021-02-17, 1023.2, 1029.9, 1060.8, 1076.2, 1092.3, 1115.5, 1120.2,inferred
"London",2021-02-18,  981.5,  983.7, 1011.4, 1029.5, 1043.8, 1066.9, 1072.9,inferred
"London",2021-02-19,  939.4,  945.2,  966.1,  981.7,  995.9, 1017.2, 1021.2,inferred
"London",2021-02-20,  899.0,  904.6,  922.9,  935.9,  951.1,  969.0,  972.5,inferred
"London",2021-02-21,  855.5,  861.6,  878.4,  892.0,  906.2,  922.8,  928.2,inferred
"London",2021-02-22,  816.0,  822.9,  836.4,  851.7,  864.2,  879.6,  883.9,inferred
"London",2021-02-23,  776.2,  781.5,  796.5,  810.5,  824.7,  840.8,  843.7,inferred
"London",2021-02-24,  738.2,  741.5,  759.6,  773.4,  790.0,  805.4,  807.2,inferred
"London",2021-02-25,  707.3,  710.3,  728.3,  740.6,  757.1,  771.2,  773.7,inferred
"London",2021-02-26,  682.9,  684.8,  702.1,  713.6,  727.6,  741.2,  743.1,inferred
"London",2021-02-27,  657.7,  661.7,  675.8,  689.4,  699.7,  713.3,  714.9,inferred
"London",2021-02-28,  634.3,  637.3,  651.2,  663.3,  675.5,  685.0,  692.4,inferred
"London",2021-03-01,  609.0,  613.3,  626.7,  638.7,  650.8,  660.1,  666.8,inferred
"London",2021-03-02,  583.5,  589.2,  602.2,  615.5,  628.3,  637.2,  643.9,inferred
"London",2021-03-03,  562.1,  565.5,  581.2,  593.4,  607.8,  619.0,  621.6,inferred
"London",2021-03-04,  550.3,  551.5,  567.8,  579.3,  592.4,  602.9,  607.6,inferred
"London",2021-03-05,  543.9,  546.3,  561.6,  571.0,  582.0,  592.7,  596.3,inferred
"London",2021-03-06,  538.8,  541.4,  553.7,  564.7,  575.4,  584.5,  586.9,inferred
"London",2021-03-07,  529.6,  536.4,  545.1,  557.2,  568.0,  577.8,  580.2,inferred
"London",2021-03-08,  518.6,  525.8,  536.8,  550.5,  560.7,  572.2,  574.8,inferred
"London",2021-03-09,  508.4,  516.0,  529.7,  542.5,  552.9,  565.7,  568.2,inferred
"London",2021-03-10,  501.5,  506.0,  522.1,  534.3,  546.6,  559.2,  565.3,inferred
"London",2021-03-11,  496.8,  504.0,  518.0,  530.1,  541.4,  554.3,  562.2,inferred
"London",2021-03-12,  497.6,  503.1,  518.7,  527.9,  538.0,  552.6,  555.0,inferred
"London",2021-03-13,  501.3,  502.9,  517.6,  527.4,  536.2,  547.9,  553.4,inferred
"London",2021-03-14,  500.1,  501.6,  514.8,  525.3,  535.0,  545.6,  551.3,inferred
"London",2021-03-15,  497.8,  500.9,  513.7,  523.5,  533.0,  544.0,  549.7,inferred
"London",2021-03-16,  494.6,  500.3,  511.9,  519.7,  530.4,  543.1,  548.1,inferred
"London",2021-03-17,  492.9,  496.6,  509.6,  518.5,  530.8,  545.2,  548.5,inferred
"London",2021-03-18,  490.5,  492.7,  506.0,  516.8,  525.3,  542.3,  548.1,inferred
"London",2021-03-19,  488.3,  490.1,  502.6,  512.4,  519.2,  536.9,  541.5,inferred
"London",2021-03-20,  484.8,  487.4,  498.7,  506.5,  514.1,  526.8,  538.1,inferred
"London",2021-03-21,  479.0,  483.0,  493.5,  502.7,  509.0,  522.5,  531.2,inferred
"London",2021-03-22,  473.1,  475.3,  488.4,  497.2,  504.3,  521.3,  524.4,inferred
"London",2021-03-23,  467.4,  469.0,  482.7,  492.0,  500.4,  517.2,  520.5,inferred
"London",2021-03-24,  459.6,  462.5,  478.0,  487.6,  497.2,  512.4,  514.9,inferred
"London",2021-03-25,  448.2,  452.3,  467.0,  477.4,  486.8,  500.6,  503.8,inferred
"London",2021-03-26,  434.5,  439.6,  452.0,  461.0,  472.0,  482.1,  484.3,inferred
"London",2021-03-27,  420.5,  424.6,  435.8,  443.2,  453.0,  463.4,  465.4,inferred
"London",2021-03-28,  404.6,  407.3,  418.2,  425.6,  434.9,  446.3,  449.0,inferred
"London",2021-03-29,  387.7,  391.0,  402.6,  409.4,  418.1,  430.7,  433.9,inferred
"London",2021-03-30,  371.1,  373.9,  386.9,  395.1,  403.1,  415.5,  419.5,inferred
"London",2021-03-31,  355.2,  359.4,  373.6,  382.0,  389.4,  402.4,  404.9,inferred
"London",2021-04-01,  340.5,  344.8,  359.4,  369.1,  377.2,  389.0,  392.3,inferred
"London",2021-04-02,  325.4,  329.3,  345.5,  356.3,  365.0,  378.5,  382.7,inferred
"London",2021-04-03,  307.9,  314.9,  332.5,  344.1,  353.1,  370.3,  375.8,inferred
"London",2021-04-04,  295.8,  297.6,  319.8,  331.9,  343.1,  361.1,  365.9,inferred
"Scotland",2020-12-21, 1111.5, 1111.5, 1111.5, 1111.5, 1111.5, 1111.5, 1111.5,inferred
"Scotland",2020-12-22, 1131.6, 1131.6, 1131.6, 1131.6, 1131.6, 1131.6, 1131.6,inferred
"Scotland",2020-12-23, 1119.1, 1119.2, 1119.6, 1119.8, 1120.2, 1120.5, 1120.6,inferred
"Scotland",2020-12-24, 1140.0, 1141.4, 1145.3, 1148.2, 1151.7, 1155.8, 1156.6,inferred
"Scotland",2020-12-25, 1214.9, 1219.5, 1229.3, 1235.3, 1243.8, 1253.3, 1257.2,inferred
"Scotland",2020-12-26, 1313.4, 1320.9, 1337.7, 1349.5, 1362.5, 1376.6, 1381.4,inferred
"Scotland",2020-12-27, 1426.9, 1430.8, 1459.2, 1474.3, 1491.2, 1513.1, 1515.9,inferred
"Scotland",2020-12-28, 1550.7, 1557.0, 1589.0, 1610.0, 1628.7, 1657.5, 1663.7,inferred
"Scotland",2020-12-29, 1682.4, 1691.5, 1729.2, 1756.7, 1781.0, 1814.9, 1829.4,inferred
"Scotland",2020-12-30, 1816.7, 1828.0, 1877.2, 1910.6, 1938.7, 1982.2, 1997.6,inferred
"Scotland",2020-12-31, 1916.5, 1925.7, 1976.5, 2012.2, 2040.1, 2091.0, 2100.2,inferred
"Scotland",2021-01-01, 1975.8, 1990.4, 2029.1, 2062.0, 2086.8, 2136.9, 2147.1,inferred
"Scotland",2021-01-02, 2016.9, 2040.8, 2071.5, 2098.7, 2120.8, 2166.9, 2178.8,inferred
"Scotland",2021-01-03, 2064.0, 2077.3, 2111.7, 2134.4, 2158.6, 2197.9, 2208.8,inferred
"Scotland",2021-01-04, 2098.8, 2117.7, 2155.1, 2177.0, 2202.6, 2238.9, 2244.2,inferred
"Scotland",2021-01-05, 2141.3, 2157.9, 2206.2, 2227.1, 2254.9, 2294.2, 2302.2,inferred
"Scotland",2021-01-06, 2179.9, 2200.6, 2249.4, 2276.1, 2305.1, 2347.2, 2363.7,inferred
"Scotland",2021-01-07, 2172.9, 2192.4, 2236.7, 2261.3, 2298.1, 2334.5, 2354.3,inferred
"Scotland",2021-01-08, 2118.9, 2135.3, 2174.7, 2197.9, 2228.8, 2258.0, 2269.7,inferred
"Scotland",2021-01-09, 2056.3, 2067.0, 2101.2, 2120.2, 2149.8, 2172.9, 2180.0,inferred
"Scotland",2021-01-10, 1990.1, 1998.0, 2030.2, 2048.6, 2073.5, 2097.4, 2106.4,inferred
"Scotland",2021-01-11, 1914.8, 1932.7, 1956.0, 1980.3, 2004.1, 2033.7, 2041.8,inferred
"Scotland",2021-01-12, 1840.2, 1865.7, 1895.8, 1921.8, 1946.3, 1982.0, 1990.4,inferred
"Scotland",2021-01-13, 1771.8, 1797.7, 1840.1, 1864.1, 1891.1, 1928.2, 1945.8,inferred
"Scotland",2021-01-14, 1713.9, 1739.8, 1783.3, 1803.1, 1830.2, 1869.4, 1884.0,inferred
"Scotland",2021-01-15, 1665.2, 1683.7, 1720.0, 1739.3, 1764.6, 1796.6, 1803.0,inferred
"Scotland",2021-01-16, 1614.5, 1622.1, 1659.1, 1676.2, 1698.3, 1722.6, 1726.1,inferred
"Scotland",2021-01-17, 1562.8, 1569.1, 1594.3, 1615.0, 1631.7, 1652.6, 1659.5,inferred
"Scotland",2021-01-18, 1506.1, 1510.7, 1537.4, 1557.6, 1576.6, 1597.3, 1607.6,inferred
"Scotland",2021-01-19, 1447.6, 1453.7, 1484.0, 1504.3, 1521.7, 1543.8, 1550.5,inferred
"Scotland",2021-01-20, 1392.6, 1398.2, 1430.6, 1451.5, 1468.5, 1494.7, 1504.5,inferred
"Scotland",2021-01-21, 1343.7, 1346.1, 1379.6, 1396.8, 1416.1, 1444.7, 1451.6,inferred
"Scotland",2021-01-22, 1299.0, 1301.2, 1329.4, 1345.3, 1360.9, 1387.6, 1395.6,inferred
"Scotland",2021-01-23, 1248.4, 1257.1, 1280.7, 1294.4, 1311.0, 1331.3, 1335.0,inferred
"Scotland",2021-01-24, 1198.2, 1204.7, 1231.3, 1246.4, 1260.8, 1279.1, 1282.6,inferred
"Scotland",2021-01-25, 1146.2, 1157.6, 1187.2, 1203.5, 1218.0, 1237.7, 1242.0,inferred
"Scotland",2021-01-26, 1095.6, 1108.0, 1139.1, 1163.5, 1178.5, 1203.1, 1211.1,inferred
"Scotland",2021-01-27, 1052.2, 1061.2, 1095.6, 1124.2, 1141.5, 1168.9, 1179.1,inferred
"Scotland",2021-01-28, 1020.5, 1028.5, 1064.0, 1088.4, 1105.7, 1138.4, 1144.7,inferred
"Scotland",2021-01-29,  997.9, 1009.7, 1040.1, 1056.1, 1073.9, 1097.1, 1112.4,inferred
"Scotland",2021-01-30,  979.9,  992.0, 1016.2, 1028.2, 1044.1, 1070.3, 1078.0,inferred
"Scotland",2021-01-31,  958.1,  964.7,  988.1, 1000.5, 1016.0, 1042.7, 1051.2,inferred
"Scotland",2021-02-01,  937.5,  942.5,  961.4,  972.1,  989.7, 1017.1, 1027.0,inferred
"Scotland",2021-02-02,  913.7,  919.0,  936.4,  946.2,  967.5,  993.9, 1007.5,inferred
"Scotland",2021-02-03,  890.1,  893.8,  911.6,  924.8,  945.8,  971.3,  987.0,inferred
"Scotland",2021-02-04,  872.2,  874.6,  891.7,  907.3,  923.8,  953.4,  964.0,inferred
"Scotland",2021-02-05,  858.4,  860.6,  878.2,  893.1,  909.0,  934.9,  944.2,inferred
"Scotland",2021-02-06,  845.1,  850.1,  869.1,  882.6,  896.9,  915.5,  925.1,inferred
"Scotland",2021-02-07,  833.8,  840.3,  855.6,  869.1,  884.0,  905.3,  909.8,inferred
"Scotland",2021-02-08,  821.2,  826.3,  843.1,  858.1,  872.9,  893.4,  905.0,inferred
"Scotland",2021-02-09,  807.2,  810.9,  830.2,  847.2,  862.9,  886.5,  896.6,inferred
"Scotland",2021-02-10,  790.8,  797.9,  818.5,  837.2,  852.4,  882.1,  889.6,inferred
"Scotland",2021-02-11,  785.2,  791.7,  812.2,  830.7,  845.7,  873.6,  882.1,inferred
"Scotland",2021-02-12,  788.6,  792.0,  811.7,  828.3,  844.0,  865.3,  868.4,inferred
"Scotland",2021-02-13,  787.2,  791.1,  813.7,  825.9,  839.0,  857.8,  865.1,inferred
"Scotland",2021-02-14,  787.6,  789.1,  811.5,  823.6,  835.4,  857.7,  861.5,inferred
"Scotland",2021-02-15,  785.7,  786.9,  805.1,  821.2,  834.4,  857.7,  860.3,inferred
"Scotland",2021-02-16,  780.0,  784.7,  801.4,  819.0,  835.8,  858.9,  864.0,inferred
"Scotland",2021-02-17,  774.0,  781.0,  796.8,  815.7,  834.0,  863.0,  869.8,inferred
"Scotland",2021-02-18,  763.1,  771.7,  785.1,  804.3,  821.6,  854.6,  857.8,inferred
"Scotland",2021-02-19,  747.3,  756.6,  770.4,  784.2,  800.8,  828.1,  835.7,inferred
"Scotland",2021-02-20,  731.0,  735.9,  752.2,  765.3,  779.1,  800.5,  806.2,inferred
"Scotland",2021-02-21,  706.4,  720.0,  734.2,  745.0,  758.2,  778.2,  784.4,inferred
"Scotland",2021-02-22,  687.8,  696.8,  714.5,  726.7,  739.9,  755.6,  764.4,inferred
"Scotland",2021-02-23,  670.4,  675.1,  695.5,  708.7,  722.1,  742.5,  749.3,inferred
"Scotland",2021-02-24,  648.5,  652.6,  677.4,  691.2,  705.3,  728.1,  733.5,inferred
"Scotland",2021-02-25,  628.2,  635.5,  656.4,  670.0,  684.7,  705.2,  711.6,inferred
"Scotland",2021-02-26,  605.2,  617.6,  634.7,  645.2,  660.8,  678.8,  685.7,inferred
"Scotland",2021-02-27,  582.5,  595.8,  611.6,  622.4,  635.2,  656.0,  661.2,inferred
"Scotland",2021-02-28,  562.8,  572.0,  585.8,  599.2,  611.7,  630.0,  640.0,inferred
"Scotland",2021-03-01,  539.7,  548.3,  563.6,  576.6,  590.7,  612.6,  619.3,inferred
"Scotland",2021-03-02,  522.3,  523.8,  541.7,  556.0,  571.4,  596.4,  601.0,inferred
"Scotland",2021-03-03,  500.3,  505.5,  522.2,  538.4,  554.9,  579.9,  584.9,inferred
"Scotland",2021-03-04,  496.7,  501.0,  515.7,  532.9,  549.1,  568.8,  578.1,inferred
"Scotland",2021-03-05,  505.1,  506.9,  524.1,  538.5,  552.3,  570.7,  577.5,inferred
"Scotland",2021-03-06,  514.9,  518.1,  533.2,  544.1,  558.1,  575.5,  579.1,inferred
"Scotland",2021-03-07,  521.5,  524.9,  540.7,  552.0,  565.5,  578.7,  587.8,inferred
"Scotland",2021-03-08,  528.0,  529.6,  547.1,  558.1,  573.2,  589.4,  596.0,inferred
"Scotland",2021-03-09,  528.8,  533.2,  551.9,  562.9,  577.8,  598.8,  603.8,inferred
"Scotland",2021-03-10,  527.7,  535.3,  553.4,  567.7,  583.4,  606.8,  613.7,inferred
"Scotland",2021-03-11,  533.4,  536.9,  556.1,  570.4,  586.1,  607.5,  614.7,inferred
"Scotland",2021-03-12,  534.8,  541.0,  557.5,  571.0,  585.1,  603.5,  615.3,inferred
"Scotland",2021-03-13,  535.1,  545.2,  558.3,  571.3,  583.4,  602.3,  609.1,inferred
"Scotland",2021-03-14,  538.0,  543.6,  558.8,  571.5,  582.6,  601.8,  607.6,inferred
"Scotland",2021-03-15,  535.6,  543.3,  558.8,  571.7,  583.3,  601.8,  607.9,inferred
"Scotland",2021-03-16,  536.6,  541.8,  559.0,  572.8,  586.3,  606.2,  610.9,inferred
"Scotland",2021-03-17,  532.8,  538.1,  556.5,  573.6,  589.6,  611.1,  617.1,inferred
"Scotland",2021-03-18,  530.6,  533.3,  552.8,  570.8,  583.9,  607.4,  612.5,inferred
"Scotland",2021-03-19,  527.6,  530.2,  546.7,  561.5,  574.4,  593.1,  598.4,inferred
"Scotland",2021-03-20,  518.8,  524.2,  539.7,  551.9,  563.2,  582.5,  585.9,inferred
"Scotland",2021-03-21,  512.0,  514.8,  529.3,  542.7,  552.3,  570.2,  576.2,inferred
"Scotland",2021-03-22,  503.8,  506.4,  520.5,  534.2,  543.5,  565.4,  569.8,inferred
"Scotland",2021-03-23,  492.1,  497.4,  514.5,  526.3,  536.0,  559.2,  563.9,inferred
"Scotland",2021-03-24,  481.8,  487.5,  505.1,  519.1,  530.0,  554.6,  559.4,inferred
"Scotland",2021-03-25,  471.8,  476.3,  496.8,  508.7,  521.7,  543.5,  547.2,inferred
"Scotland",2021-03-26,  462.4,  465.0,  484.3,  496.2,  507.8,  526.4,  530.2,inferred
"Scotland",2021-03-27,  448.5,  453.7,  470.9,  483.5,  495.1,  512.0,  516.0,inferred
"Scotland",2021-03-28,  433.7,  446.0,  458.7,  472.4,  482.9,  501.0,  506.0,inferred
"Scotland",2021-03-29,  422.9,  432.7,  448.0,  460.5,  471.0,  493.6,  498.6,inferred
"Scotland",2021-03-30,  413.9,  418.4,  437.6,  449.9,  460.1,  486.7,  492.7,inferred
"Scotland",2021-03-31,  399.7,  408.5,  425.8,  439.0,  451.3,  477.8,  485.5,inferred
"Scotland",2021-04-01,  393.5,  397.2,  414.8,  427.4,  442.4,  466.4,  472.9,inferred
"Scotland",2021-04-02,  385.3,  387.7,  402.4,  419.4,  433.2,  459.1,  464.0,inferred
"Scotland",2021-04-03,  370.9,  375.3,  390.9,  411.6,  426.7,  457.7,  462.1,inferred
"Scotland",2021-04-04,  352.1,  359.5,  377.7,  404.7,  420.7,  454.4,  467.2,inferred
"Wales",2020-12-21, 2195.5, 2195.5, 2195.5, 2195.5, 2195.5, 2195.5, 2195.5,inferred
"Wales",2020-12-22, 2003.0, 2003.0, 2003.0, 2003.0, 2003.0, 2003.0, 2003.0,inferred
"Wales",2020-12-23, 1927.7, 1927.9, 1928.4, 1928.6, 1928.8, 1929.2, 1929.2,inferred
"Wales",2020-12-24, 1927.7, 1930.3, 1935.2, 1938.3, 1940.2, 1943.5, 1944.3,inferred
"Wales",2020-12-25, 1950.9, 1954.2, 1966.0, 1972.6, 1978.4, 1985.4, 1987.4,inferred
"Wales",2020-12-26, 1979.4, 1984.3, 2000.5, 2011.6, 2020.1, 2031.3, 2035.3,inferred
"Wales",2020-12-27, 2006.5, 2013.2, 2029.8, 2042.4, 2054.9, 2070.7, 2077.5,inferred
"Wales",2020-12-28, 2025.1, 2033.4, 2052.0, 2068.2, 2083.7, 2105.3, 2108.1,inferred
"Wales",2020-12-29, 2040.3, 2048.4, 2072.5, 2091.4, 2108.6, 2140.1, 2142.8,inferred
"Wales",2020-12-30, 2047.0, 2057.8, 2089.1, 2108.4, 2129.9, 2161.6, 2173.2,inferred
"Wales",2020-12-31, 2020.2, 2031.4, 2063.7, 2083.6, 2104.7, 2134.4, 2147.2,inferred
"Wales",2021-01-01, 1961.9, 1970.1, 2004.7, 2021.3, 2037.1, 2064.3, 2072.1,inferred
"Wales",2021-01-02, 1898.1, 1908.4, 1934.4, 1949.7, 1962.1, 1989.7, 1996.4,inferred
"Wales",2021-01-03, 1837.8, 1840.7, 1865.9, 1882.3, 1894.9, 1922.3, 1929.8,inferred
"Wales",2021-01-04, 1769.9, 1781.4, 1802.7, 1819.4, 1831.1, 1860.8, 1870.8,inferred
"Wales",2021-01-05, 1709.0, 1723.5, 1744.9, 1760.5, 1777.1, 1806.2, 1820.6,inferred
"Wales",2021-01-06, 1656.1, 1664.3, 1690.7, 1708.2, 1723.1, 1758.2, 1766.3,inferred
"Wales",2021-01-07, 1591.8, 1606.5, 1631.0, 1645.4, 1659.7, 1692.7, 1705.0,inferred
"Wales",2021-01-08, 1529.1, 1539.6, 1561.5, 1571.2, 1586.8, 1610.0, 1623.1,inferred
"Wales",2021-01-09, 1462.7, 1466.2, 1484.6, 1494.8, 1509.0, 1528.1, 1531.5,inferred
"Wales",2021-01-10, 1395.6, 1398.9, 1411.0, 1423.0, 1435.4, 1453.8, 1456.1,inferred
"Wales",2021-01-11, 1327.6, 1330.0, 1342.8, 1355.3, 1369.2, 1389.4, 1394.4,inferred
"Wales",2021-01-12, 1262.1, 1265.1, 1281.4, 1295.1, 1309.1, 1333.5, 1339.9,inferred
"Wales",2021-01-13, 1200.6, 1205.3, 1223.4, 1239.4, 1253.0, 1279.1, 1281.8,inferred
"Wales",2021-01-14, 1139.6, 1147.4, 1164.3, 1178.9, 1193.5, 1216.3, 1220.3,inferred
"Wales",2021-01-15, 1077.8, 1088.4, 1102.1, 1115.6, 1131.0, 1145.7, 1150.8,inferred
"Wales",2021-01-16, 1018.8, 1025.0, 1041.7, 1052.5, 1064.6, 1077.8, 1081.9,inferred
"Wales",2021-01-17,  961.7,  965.7,  982.4,  991.5, 1003.3, 1016.9, 1020.7,inferred
"Wales",2021-01-18,  906.9,  911.0,  927.5,  937.3,  949.3,  964.6,  968.0,inferred
"Wales",2021-01-19,  855.2,  857.9,  875.2,  886.9,  899.1,  915.2,  920.3,inferred
"Wales",2021-01-20,  808.0,  810.0,  826.5,  838.9,  852.6,  869.1,  872.8,inferred
"Wales",2021-01-21,  764.0,  766.3,  784.0,  795.6,  808.4,  824.8,  827.4,inferred
"Wales",2021-01-22,  725.8,  728.0,  744.0,  754.6,  765.5,  782.3,  784.8,inferred
"Wales",2021-01-23,  689.1,  693.3,  707.5,  715.8,  726.7,  738.7,  742.2,inferred
"Wales",2021-01-24,  653.8,  661.5,  672.5,  681.0,  689.9,  700.5,  704.8,inferred
"Wales",2021-01-25,  623.4,  629.8,  639.9,  649.8,  658.9,  669.2,  672.2,inferred
"Wales",2021-01-26,  595.5,  598.3,  608.9,  619.4,  628.7,  641.3,  643.7,inferred
"Wales",2021-01-27,  566.9,  570.4,  582.6,  592.9,  602.1,  614.4,  617.6,inferred
"Wales",2021-01-28,  544.0,  549.2,  561.8,  571.1,  580.3,  591.3,  595.2,inferred
"Wales",2021-01-29,  528.4,  533.1,  544.2,  553.3,  561.8,  570.0,  574.6,inferred
"Wales",2021-01-30,  515.1,  517.6,  527.6,  535.9,  542.9,  553.6,  555.2,inferred
"Wales",2021-01-31,  498.7,  502.8,  510.8,  519.2,  525.4,  537.0,  538.5,inferred
"Wales",2021-02-01,  482.0,  487.7,  496.6,  502.0,  509.4,  520.5,  522.3,inferred
"Wales",2021-02-02,  466.3,  469.1,  480.3,  486.5,  494.4,  504.4,  507.8,inferred
"Wales",2021-02-03,  449.7,  454.6,  465.3,  472.8,  481.0,  489.7,  495.0,inferred
"Wales",2021-02-04,  436.8,  442.6,  452.3,  460.0,  467.4,  475.4,  481.2,inferred
"Wales",2021-02-05,  426.8,  429.6,  440.5,  447.7,  453.3,  461.4,  466.5,inferred
"Wales",2021-02-06,  415.5,  418.4,  428.9,  434.7,  440.0,  449.2,  450.8,inferred
"Wales",2021-02-07,  403.1,  406.0,  415.7,  422.5,  427.6,  436.1,  439.2,inferred
"Wales",2021-02-08,  392.1,  393.9,  403.9,  410.8,  417.0,  425.2,  428.8,inferred
"Wales",2021-02-09,  382.0,  383.9,  394.7,  400.9,  406.8,  416.4,  419.9,inferred
"Wales",2021-02-10,  371.6,  373.5,  384.8,  392.2,  397.3,  407.2,  412.0,inferred
"Wales",2021-02-11,  361.8,  363.5,  375.1,  382.9,  387.9,  400.0,  402.1,inferred
"Wales",2021-02-12,  353.2,  355.1,  366.8,  373.0,  379.4,  388.8,  392.7,inferred
"Wales",2021-02-13,  344.8,  346.0,  356.7,  363.6,  369.7,  380.2,  381.5,inferred
"Wales",2021-02-14,  336.3,  337.7,  347.9,  354.6,  360.4,  369.6,  372.3,inferred
"Wales",2021-02-15,  327.8,  329.3,  339.1,  345.8,  351.4,  362.2,  364.3,inferred
"Wales",2021-02-16,  320.3,  321.9,  329.7,  337.1,  342.9,  354.9,  357.2,inferred
"Wales",2021-02-17,  311.9,  313.7,  321.1,  328.9,  335.3,  346.9,  348.5,inferred
"Wales",2021-02-18,  301.4,  303.3,  312.3,  318.7,  324.7,  334.9,  337.8,inferred
"Wales",2021-02-19,  291.2,  293.2,  301.6,  307.3,  312.3,  322.4,  323.2,inferred
"Wales",2021-02-20,  281.3,  282.2,  290.6,  296.3,  300.6,  307.3,  308.9,inferred
"Wales",2021-02-21,  270.0,  271.3,  278.6,  283.2,  288.8,  295.3,  298.0,inferred
"Wales",2021-02-22,  258.4,  259.7,  266.9,  272.1,  276.9,  283.4,  287.1,inferred
"Wales",2021-02-23,  246.6,  249.2,  256.3,  261.1,  266.6,  274.9,  277.0,inferred
"Wales",2021-02-24,  238.1,  239.5,  246.5,  251.6,  257.5,  265.8,  268.0,inferred
"Wales",2021-02-25,  231.0,  232.3,  238.3,  243.3,  248.2,  256.8,  257.7,inferred
"Wales",2021-02-26,  223.6,  225.2,  231.5,  235.2,  240.0,  248.6,  250.2,inferred
"Wales",2021-02-27,  217.7,  218.7,  224.9,  228.8,  232.6,  241.3,  243.5,inferred
"Wales",2021-02-28,  210.4,  212.1,  218.2,  222.5,  226.0,  233.5,  236.2,inferred
"Wales",2021-03-01,  203.0,  204.9,  211.6,  215.7,  220.2,  227.5,  229.7,inferred
"Wales",2021-03-02,  195.3,  197.6,  205.4,  209.7,  214.5,  221.6,  223.5,inferred
"Wales",2021-03-03,  189.7,  192.1,  199.3,  204.6,  209.5,  215.9,  218.2,inferred
"Wales",2021-03-04,  186.4,  188.9,  195.9,  200.7,  205.8,  210.7,  214.1,inferred
"Wales",2021-03-05,  185.0,  187.8,  194.7,  198.4,  204.1,  209.1,  211.0,inferred
"Wales",2021-03-06,  185.3,  187.0,  193.5,  197.1,  202.1,  207.4,  208.8,inferred
"Wales",2021-03-07,  184.1,  186.0,  191.1,  196.1,  201.4,  205.4,  207.0,inferred
"Wales",2021-03-08,  183.2,  184.3,  189.8,  195.5,  199.9,  204.3,  205.6,inferred
"Wales",2021-03-09,  181.4,  183.3,  189.4,  194.7,  198.6,  203.5,  205.1,inferred
"Wales",2021-03-10,  180.5,  181.9,  188.6,  193.9,  198.0,  203.3,  204.7,inferred
"Wales",2021-03-11,  179.2,  181.0,  187.7,  192.8,  197.4,  203.0,  204.0,inferred
"Wales",2021-03-12,  179.2,  180.8,  186.9,  190.5,  195.0,  201.5,  204.0,inferred
"Wales",2021-03-13,  178.2,  179.9,  184.7,  188.9,  193.1,  199.1,  201.9,inferred
"Wales",2021-03-14,  176.6,  178.4,  182.8,  186.5,  191.0,  196.9,  200.2,inferred
"Wales",2021-03-15,  174.3,  175.4,  180.5,  184.4,  188.8,  195.0,  197.1,inferred
"Wales",2021-03-16,  171.9,  173.6,  178.3,  182.6,  187.4,  194.7,  196.1,inferred
"Wales",2021-03-17,  169.9,  170.7,  176.5,  181.5,  186.6,  193.9,  196.4,inferred
"Wales",2021-03-18,  167.2,  168.3,  174.3,  178.4,  183.3,  190.8,  193.2,inferred
"Wales",2021-03-19,  163.1,  164.9,  170.4,  174.1,  178.5,  184.1,  187.1,inferred
"Wales",2021-03-20,  158.8,  161.0,  165.9,  169.5,  173.6,  177.9,  180.1,inferred
"Wales",2021-03-21,  153.8,  156.6,  161.2,  164.7,  168.2,  172.7,  173.5,inferred
"Wales",2021-03-22,  149.4,  152.2,  156.6,  160.3,  163.9,  168.1,  169.0,inferred
"Wales",2021-03-23,  146.0,  146.9,  151.9,  156.2,  159.6,  164.1,  165.5,inferred
"Wales",2021-03-24,  141.8,  142.9,  147.3,  152.0,  155.1,  161.4,  162.3,inferred
"Wales",2021-03-25,  136.8,  137.6,  142.6,  146.4,  149.9,  156.7,  158.2,inferred
"Wales",2021-03-26,  130.9,  132.0,  136.3,  139.9,  143.6,  149.1,  151.7,inferred
"Wales",2021-03-27,  124.7,  125.6,  129.7,  132.7,  136.9,  141.9,  144.5,inferred
"Wales",2021-03-28,  118.3,  119.2,  123.0,  126.5,  130.3,  136.2,  137.7,inferred
"Wales",2021-03-29,  111.4,  112.8,  116.9,  120.9,  124.4,  130.3,  132.2,inferred
"Wales",2021-03-30,  105.5,  106.5,  111.2,  115.6,  119.0,  124.8,  126.0,inferred
"Wales",2021-03-31,  100.5,  101.6,  106.2,  110.6,  114.3,  119.6,  121.5,inferred
"Wales",2021-04-01,   95.9,   96.4,  101.6,  106.1,  110.2,  115.2,  117.3,inferred
"Wales",2021-04-02,   91.0,   92.2,   96.9,  102.6,  106.8,  111.3,  113.3,inferred
"Wales",2021-04-03,   86.8,   87.5,   93.6,   99.2,  103.1,  109.3,  111.3,inferred
"Wales",2021-04-04,   82.0,   83.5,   90.4,   96.5,  100.2,  107.2,  109.8,inferred
